Workbook

Sheet รวมรายได้
A1: รายรับเดือนเมษายน2565
A2: DATE | B2: Cash | C2: Credit Card | E2: Tranfer Money | G2: E-WALLET | H2: Paypal | I2: qr paymet | J2: หักคอม | K2: ARP | L2: TOTAL
C3: Front Office | D3: Online | E3: KBANK | F3: KTB
A5: 1 | L5: =B5+C5+D5+E5+F5+G5+H5+I5+J5+K5 -> 0
A6: 2 | C6: 45800 | D6: 319140 | E6: 913406 | F6: 343180 | G6: 38940 | J6: 23739 | K6: 8000 | L6: =B6+C6+D6+E6+F6+G6+H6+I6+J6+K6 -> 1692205
A7: 3 | B7: ='03.04.65'!F110 -> 600 | C7: ='03.04.65'!G110 -> 23000 | D7: ='03.04.65'!H110 -> 200450 | E7: ='03.04.65'!I110 -> 790085 | F7: ='03.04.65'!J110 -> 140650 | G7: ='03.04.65'!K110 -> 800 | H7: ='03.04.65'!L110 -> 0 | I7: ='03.04.65'!M110 -> 26400 | ... K7: ='03.04.65'!O110 -> 17740 | L7: =B7+C7+D7+E7+F7+G7+H7+I7+J7+K7 -> 1199725
A8: 4 | B8: ='04.04.65'!F148 -> 1950 | C8: ='04.04.65'!G148 -> 178538 | D8: ='04.04.65'!H148 -> 183900 | E8: ='04.04.65'!I148 -> 673195 | F8: ='04.04.65'!J148 -> 217720 | G8: ='04.04.65'!K148 -> 21145 | H8: ='04.04.65'!L148 -> 0 | I8: ='04.04.65'!M148 -> 0 | ... K8: ='04.04.65'!O148 -> 33985 | L8: =B8+C8+D8+E8+F8+G8+H8+I8+J8+K8 -> 1310433
A9: 5 | B9: ='05.04.65'!F111 -> 1850 | C9: ='05.04.65'!G111 -> 2375 | D9: ='05.04.65'!H111 -> 138400 | E9: ='05.04.65'!I111 -> 710775 | F9: ='05.04.65'!J111 -> 142162 | G9: ='05.04.65'!K111 -> 46803 | H9: ='05.04.65'!L111 -> 0 | I9: ='05.04.65'!M111 -> 0 | ... K9: ='05.04.65'!O111 -> 14045 | L9: =B9+C9+D9+E9+F9+G9+H9+I9+J9+K9 -> 1056410
A10: 6 | L10: =B10+C10+D10+E10+F10+G10+H10+I10+J10+K10 -> 0
A11: 7 | B11: ='07.04.65'!F189 -> 17175 | C11: ='07.04.65'!G189 -> 55650 | D11: ='07.04.65'!H189 -> 269000 | E11: ='07.04.65'!I189 -> 1064324 | F11: ='07.04.65'!J189 -> 259775 | G11: ='07.04.65'!K189 -> 54171 | H11: ='07.04.65'!L189 -> 0 | I11: ='07.04.65'!M189 -> 8050 | ... K11: ='07.04.65'!O189 -> 23180 | L11: =B11+C11+D11+E11+F11+G11+H11+I11+J11+K11 -> 1751325
A12: 8 | B12: ='8.04.65'!F129 -> 2669 | C12: ='8.04.65'!G129 -> 42000 | D12: ='8.04.65'!H129 -> 116650 | E12: ='8.04.65'!I129 -> 696315 | F12: ='8.04.65'!J129 -> 132500 | G12: ='8.04.65'!K129 -> 55825 | H12: ='8.04.65'!L129 -> 0 | I12: ='8.04.65'!M129 -> 0 | ... K12: ='8.04.65'!O129 -> 11080 | L12: =B12+C12+D12+E12+F12+G12+H12+I12+J12+K12 -> 1057039
A13: 9 | B13: ='9.04.65'!F92 -> 7507 | C13: ='9.04.65'!G92 -> 4450 | D13: ='9.04.65'!H92 -> 151950 | E13: ='9.04.65'!I92 -> 450720 | F13: ='9.04.65'!J92 -> 192800 | G13: ='9.04.65'!K92 -> 200 | H13: ='9.04.65'!L92 -> 0 | I13: ='9.04.65'!M92 -> 3750 | ... K13: ='9.04.65'!O92 -> 3400 | L13: =B13+C13+D13+E13+F13+G13+H13+I13+J13+K13 -> 814777
A14: 10 | B14: ='10.04.65'!F92 -> 27850 | C14: ='10.04.65'!G92 -> 61450 | D14: ='10.04.65'!H92 -> 121525 | E14: ='10.04.65'!I92 -> 388825 | F14: ='10.04.65'!J92 -> 154550 | G14: ='10.04.65'!K92 -> 38280 | H14: ='10.04.65'!L92 -> 0 | I14: ='10.04.65'!M92 -> 0 | ... K14: ='10.04.65'!O92 -> 34300 | L14: =B14+C14+D14+E14+F14+G14+H14+I14+J14+K14 -> 826780
A15: 11 | C15: ='11.04.65'!G123 -> 148450 | D15: ='11.04.65'!H123 -> 337350 | E15: ='11.04.65'!I123 -> 768325 | F15: ='11.04.65'!J123 -> 207100 | G15: ='11.04.65'!K123 -> 57100 | H15: ='11.04.65'!L123 -> 0 | I15: ='11.04.65'!M123 -> 0 | J15: ='11.04.65'!N123 -> 0 | K15: ='11.04.65'!O123 -> 600 | L15: =B15+C15+D15+E15+F15+G15+H15+I15+J15+K15 -> 1518925
A16: 12 | B16: ='12.04.65'!F96 -> 8100 | C16: ='12.04.65'!G96 -> 20000 | D16: ='12.04.65'!H96 -> 335650 | E16: ='12.04.65'!I96 -> 551430 | F16: ='12.04.65'!J96 -> 171550 | G16: ='12.04.65'!K96 -> 30500 | H16: ='12.04.65'!L96 -> 0 | I16: ='12.04.65'!M96 -> 3250 | ... K16: ='12.04.65'!O96 -> 16800 | L16: =B16+C16+D16+E16+F16+G16+H16+I16+J16+K16 -> 1137280
A17: 13 | L17: =B17+C17+D17+E17+F17+G17+H17+I17+J17+K17 -> 0
A18: 14 | L18: =B18+C18+D18+E18+F18+G18+H18+I18+J18+K18 -> 0
A19: 15 | L19: =B19+C19+D19+E19+F19+G19+H19+I19+J19+K19 -> 0
A20: 16 | B20: ='16.04.65'!F92 -> 3425 | C20: ='16.04.65'!G92 -> 24500 | D20: ='16.04.65'!H92 -> 216765 | E20: ='16.04.65'!I92 -> 516565 | F20: ='16.04.65'!J92 -> 114200 | G20: ='16.04.65'!K92 -> 15025 | H20: ='16.04.65'!L92 -> 0 | I20: ='16.04.65'!M92 -> 0 | ... K20: ='16.04.65'!O92 -> 0 | L20: =B20+C20+D20+E20+F20+G20+H20+I20+J20+K20 -> 890480
A21: 17 | B21: ='17.04.65'!F67 -> 27000 | C21: ='17.04.65'!G67 -> 3200 | D21: ='17.04.65'!H67 -> 118950 | E21: ='17.04.65'!I67 -> 325700 | F21: ='17.04.65'!J67 -> 33584 | G21: ='17.04.65'!K67 -> 6316 | H21: ='17.04.65'!L67 -> 0 | I21: ='17.04.65'!M67 -> 0 | ... K21: ='17.04.65'!O67 -> 0 | L21: =B21+C21+D21+E21+F21+G21+H21+I21+J21+K21 -> 514750
A22: 18 | B22: ='18.04.65'!F105 -> 2225 | C22: ='18.04.65'!G105 -> 123750 | D22: ='18.04.65'!H105 -> 135150 | E22: ='18.04.65'!I105 -> 337730 | F22: ='18.04.65'!J105 -> 138005 | G22: ='18.04.65'!K105 -> 33770 | H22: ='18.04.65'!L105 -> 0 | I22: ='18.04.65'!M105 -> 0 | ... K22: ='18.04.65'!O105 -> 0 | L22: =B22+C22+D22+E22+F22+G22+H22+I22+J22+K22 -> 770630
A23: 19 | B23: ='19.04.65'!F128 -> 1600 | C23: ='19.04.65'!G128 -> 24375 | D23: ='19.04.65'!H128 -> 206550 | E23: ='19.04.65'!I128 -> 785975 | F23: ='19.04.65'!J128 -> 99400 | G23: ='19.04.65'!K128 -> 23090 | H23: ='19.04.65'!L128 -> 0 | I23: ='19.04.65'!M128 -> 5000 | ... K23: ='19.04.65'!O128 -> 0 | L23: =B23+C23+D23+E23+F23+G23+H23+I23+J23+K23 -> 1145990
A24: 20 | B24: ='20.04.65'!F125 -> 8950 | C24: ='20.04.65'!G125 -> 67480 | D24: ='20.04.65'!H125 -> 226300 | E24: ='20.04.65'!I125 -> 817235 | F24: ='20.04.65'!J125 -> 203725 | G24: ='20.04.65'!K125 -> 2950 | H24: ='20.04.65'!L125 -> 0 | I24: ='20.04.65'!M125 -> 0 | ... K24: ='20.04.65'!O125 -> 0 | L24: =B24+C24+D24+E24+F24+G24+H24+I24+J24+K24 -> 1326640
A25: 21 | B25: ='21.04.65'!F117 -> 47900 | C25: ='21.04.65'!G117 -> 101000 | D25: ='21.04.65'!H117 -> 319525 | E25: ='21.04.65'!I117 -> 451445 | F25: ='21.04.65'!J117 -> 160125 | G25: ='21.04.65'!K117 -> 25000 | H25: ='21.04.65'!L117 -> 0 | I25: ='21.04.65'!M117 -> 6050 | ... K25: ='21.04.65'!O117 -> 0 | L25: =B25+C25+D25+E25+F25+G25+H25+I25+J25+K25 -> 1111045
A26: 22 | B26: ='22.04.65'!F112 -> 0 | C26: ='22.04.65'!G112 -> 27400 | D26: ='22.04.65'!H112 -> 530350 | E26: ='22.04.65'!I112 -> 708265 | F26: ='22.04.65'!J112 -> 381525 | G26: ='22.04.65'!K112 -> 8750 | H26: ='22.04.65'!L112 -> 0 | I26: ='22.04.65'!M112 -> 0 | ... K26: ='22.04.65'!O112 -> 0 | L26: =B26+C26+D26+E26+F26+G26+H26+I26+J26+K26 -> 1656290
A27: 23 | B27: ='23.04.65'!F118 -> 27250 | C27: ='23.04.65'!G118 -> 41555 | D27: ='23.04.65'!H118 -> 393150 | E27: ='23.04.65'!I118 -> 582170 | F27: ='23.04.65'!J118 -> 162272 | G27: ='23.04.65'!K118 -> 31638 | H27: ='23.04.65'!L118 -> 0 | I27: ='23.04.65'!M118 -> 350 | ... K27: ='23.04.65'!O118 -> 0 | L27: =B27+C27+D27+E27+F27+G27+H27+I27+J27+K27 -> 1238385
A28: 24 | B28: ='24.04.65'!F61 -> 36664 | C28: ='24.04.65'!G61 -> 0 | D28: ='24.04.65'!H61 -> 175500 | E28: ='24.04.65'!I61 -> 414420 | F28: ='24.04.65'!J61 -> 84705 | G28: ='24.04.65'!K61 -> 10700 | H28: ='24.04.65'!L61 -> 0 | I28: ='24.04.65'!M61 -> 10000 | ... K28: ='24.04.65'!O61 -> 0 | L28: =B28+C28+D28+E28+F28+G28+H28+I28+J28+K28 -> 731989
A29: 25 | B29: ='25.04.65'!F153 -> 10200 | C29: ='25.04.65'!G153 -> 23350 | D29: ='25.04.65'!H153 -> 339525 | E29: ='25.04.65'!I153 -> 623085 | F29: ='25.04.65'!J153 -> 269686 | G29: ='25.04.65'!K153 -> 10959 | H29: ='25.04.65'!L153 -> 0 | I29: ='25.04.65'!M153 -> 2600 | ... K29: ='25.04.65'!O153 -> 0 | L29: =B29+C29+D29+E29+F29+G29+H29+I29+J29+K29 -> 1279405
A30: 26 | B30: ='26.04.65'!F126 -> 7350 | C30: ='26.04.65'!G126 -> 97450 | D30: ='26.04.65'!H126 -> 241500 | E30: ='26.04.65'!I126 -> 553575 | F30: ='26.04.65'!J126 -> 239905 | G30: ='26.04.65'!K126 -> 81400 | H30: ='26.04.65'!L126 -> 0 | I30: ='26.04.65'!M126 -> 0 | ... K30: ='26.04.65'!O126 -> 0 | L30: =B30+C30+D30+E30+F30+G30+H30+I30+J30+K30 -> 1221180
A31: 27 | B31: ='27.04.65'!F90 -> 20100 | C31: ='27.04.65'!G90 -> 16650 | D31: ='27.04.65'!H90 -> 297825 | E31: ='27.04.65'!I90 -> 380048 | F31: ='27.04.65'!J90 -> 148995 | G31: ='27.04.65'!K90 -> 500 | H31: ='27.04.65'!L90 -> 0 | I31: ='27.04.65'!M90 -> 34600 | ... K31: ='27.04.65'!O90 -> 0 | L31: =B31+C31+D31+E31+F31+G31+H31+I31+J31+K31 -> 898718
A32: 28 | B32: ='28.04.65'!F103 -> 2625 | C32: ='28.04.65'!G103 -> 16150 | D32: ='28.04.65'!H103 -> 704075 | E32: ='28.04.65'!I103 -> 400395 | F32: ='28.04.65'!J103 -> 109740 | G32: ='28.04.65'!K103 -> 0 | H32: ='28.04.65'!L103 -> 0 | I32: ='28.04.65'!M103 -> 0 | ... K32: ='28.04.65'!O103 -> 0 | L32: =B32+C32+D32+E32+F32+G32+H32+I32+J32+K32 -> 1232985
A33: 29 | B33: ='29.04.65'!F127 -> 800 | C33: ='29.04.65'!G127 -> 300900 | D33: ='29.04.65'!H127 -> 496625 | E33: ='29.04.65'!I127 -> 629208 | F33: ='29.04.65'!J127 -> 148430 | G33: ='29.04.65'!K127 -> 14927 | H33: ='29.04.65'!L127 -> 0 | I33: ='29.04.65'!M127 -> 0 | ... K33: ='29.04.65'!O127 -> 0 | L33: =B33+C33+D33+E33+F33+G33+H33+I33+J33+K33 -> 1590890
A34: 30 | B34: ='30.04.65'!F137 -> 0 | C34: ='30.04.65'!G137 -> 35000 | D34: ='30.04.65'!H137 -> 803650 | E34: ='30.04.65'!I137 -> 637890 | F34: ='30.04.65'!J137 -> 190425 | G34: ='30.04.65'!K137 -> 19670 | H34: ='30.04.65'!L137 -> 0 | I34: ='30.04.65'!M137 -> 0 | ... K34: ='30.04.65'!O137 -> 0 | L34: =B34+C34+D34+E34+F34+G34+H34+I34+J34+K34 -> 1686635
A35: 31 | L35: =B35+C35+D35+E35+F35+G35+J35+K35 -> 0
A36: TOTAL | B36: =SUM(B3:B35) -> 263790 | C36: =SUM(C3:C35) -> 1484473 | D36: =SUM(D3:D35) -> 7379455 | E36: =SUM(E3:E35) -> 15171106 | F36: =SUM(F3:F35) -> 4446709 | G36: =SUM(G3:G35) -> 628459 | H36: =SUM(H3:H35) -> 0 | I36: =SUM(I3:I35) -> 100050 | ... L36: =SUM(L3:L35) -> 29660911

Sheet 31-2.04.65
A1: DAILY SALE 31-2 MAY 2022
A2: NO | B2: วันที่ | C2: เลขออเดอร์ | D2: รหัส | E2: Name | F2: Payment | R2: CS ผู้คีย์บิล
F3: Cash | G3: Credit Card | I3: Tranfer Money | K3: E-WALLET | L3: Paypal | M3: qr paymet | N3: หักคอม | O3: ARP | P3: ยอดในระบบ | Q3: ผลต่าง
G4: Front Office | H4: Online | I4: KBANK | J4: KTB
A5: 1 | Q5: =SUM(F5+G5+H5+I5+J5+K5+L5+N5+O5-P5) -> 0
A6: 2 | Q6: =SUM(F6+G6+H6+I6+J6+K6+L6+N6+O6-P6) -> 0
A7: 3 | Q7: =SUM(F7+G7+H7+I7+J7+K7+L7+N7+O7-P7) -> 0
A8: 4 | Q8: =SUM(F8+G8+H8+I8+J8+K8+L8+N8+O8-P8) -> 0
A9: 5 | Q9: =SUM(F9+G9+H9+I9+J9+K9+L9+N9+O9-P9) -> 0
A10: 6 | Q10: =SUM(F10+G10+H10+I10+J10+K10+L10+N10+O10-P10) -> 0
A11: 7 | Q11: =SUM(F11+G11+H11+I11+J11+K11+L11+N11+O11-P11) -> 0
A12: 8 | Q12: =SUM(F12+G12+H12+I12+J12+K12+L12+N12+O12-P12) -> 0
A13: 9 | Q13: =SUM(F13+G13+H13+I13+J13+K13+L13+N13+O13-P13) -> 0
A14: 10 | Q14: =SUM(F14+G14+H14+I14+J14+K14+L14+N14+O14-P14) -> 0
A15: 11 | Q15: =SUM(F15+G15+H15+I15+J15+K15+L15+N15+O15-P15) -> 0
A16: 12 | Q16: =SUM(F16+G16+H16+I16+J16+K16+L16+N16+O16-P16) -> 0
... A190: 187 | Q190: =SUM(F190+G190+H190+I190+J190+K190+L190+N190+O190-P190) -> 0
F191: =SUM(F5:F189) -> 0 | G191: =SUM(G4:G190) -> 0 | H191: =SUM(H4:H190) -> 0 | I191: =SUM(I4:I190) -> 0 | J191: =SUM(J4:J190) -> 0 | K191: =SUM(K4:K190) -> 0 | L191: =SUM(L4:L190) -> 0 | M191: =SUM(M4:M190) -> 0 | N191: =SUM(N4:N190) -> 0 | O191: =SUM(O4:O190) -> 0 | P191: =SUM(P5:P190) -> 0 | Q191: =SUM(Q5:Q190) -> 0
F192: =F191+G191+H191+I191+J191+K191+L191+M191+N191+O191 -> 0
F199: า

Sheet 03.04.65
A1: DAILY SALE 3 APRIL 2022
A2: NO | B2: วันที่ | C2: เลขออเดอร์ | D2: รหัส | E2: Name | F2: Payment | R2: CS ผู้คีย์บิล
F3: Cash | G3: Credit Card | I3: Tranfer Money | K3: E-WALLET | L3: Paypal | M3: qr paymet | N3: หักคอม | O3: ARP | P3: ยอดในระบบ | Q3: ผลต่าง
G4: Front Office | H4: Online | I4: KBANK | J4: KTB
A5: 1 | B5: 44653 | C5: STHBKK012204000203 | D5: 66012 | E5: นางสาว พรทิพย์&#8203;วงษ์ชัย | I5: 6400 | P5: 6400 | Q5: =SUM(F5+G5+H5+I5+J5+K5+L5+M5+N5+O5-P5) -> 0 | R5: bkk-aoeng
A6: 2 | B6: 44653 | C6: STHBKK012204000204 | D6: 67687 | E6: นางสาว วธิดา ไตรรัตน์ | I6: 2500 | P6: 2500 | Q6: =SUM(F6+G6+H6+I6+J6+K6+L6+M6+N6+O6-P6) -> 0 | R6: bkk-aoeng
A7: 3 | B7: 44654 | C7: STHBKK012204000207 | D7: 30895 | E7: นาย สิปปภาส โรจนวสุธร | J7: 350 | P7: 350 | Q7: =SUM(F7+G7+H7+I7+J7+K7+L7+M7+N7+O7-P7) -> 0 | R7: bkk-aoeng
A8: 4 | B8: 44654 | C8: STHBKK012204000208 | D8: 30895 | E8: นาย สิปปภาส โรจนวสุธร | J8: 3000 | P8: 3000 | Q8: =SUM(F8+G8+H8+I8+J8+K8+L8+M8+N8+O8-P8) -> 0 | R8: bkk-aoeng
A9: 5 | B9: 44654 | C9: STHBKK012204000209 | D9: 48631 | E9: ดร. โนรี เต๊ะหละ | I9: 20200 | P9: 20200 | Q9: =SUM(F9+G9+H9+I9+J9+K9+L9+M9+N9+O9-P9) -> 0 | R9: bkk-aoeng
A10: 6 | B10: 44654 | C10: STHBKK012204000210 | D10: 45193 | E10: นาง ศิลา สงอาจินต์ | I10: 39780 | P10: 39780 | Q10: =SUM(F10+G10+H10+I10+J10+K10+L10+M10+N10+O10-P10) -> 0 | R10: BKK-Neng
A11: 7 | B11: 44654 | C11: STHBKK012204000212 | D11: 58752 | E11: นาย คำรณ สะอาดเอี่ยม | I11: 300 | P11: 300 | Q11: =SUM(F11+G11+H11+I11+J11+K11+L11+M11+N11+O11-P11) -> 0 | R11: bkk-aoeng
A12: 8 | B12: 44654 | C12: STHBKK012204000213 | D12: 58823 | E12: นาย อนพันธ์ เมธาพรสูทิวัส | I12: 300 | P12: 300 | Q12: =SUM(F12+G12+H12+I12+J12+K12+L12+M12+N12+O12-P12) -> 0 | R12: bkk-aoeng
A13: 9 | B13: 44654 | C13: STHBKK012204000214 | D13: 61386 | E13: นาย ปรียะนนย์ ภูนารี | I13: 300 | P13: 300 | Q13: =SUM(F13+G13+H13+I13+J13+K13+L13+M13+N13+O13-P13) -> 0 | R13: bkk-aoeng
A14: 10 | B14: 44654 | C14: STHBKK012204000215 | D14: 61898 | E14: นาย อำนาจ เสือสูงเนิน | I14: 300 | P14: 300 | Q14: =SUM(F14+G14+H14+I14+J14+K14+L14+M14+N14+O14-P14) -> 0 | R14: bkk-aoeng
A15: 11 | B15: 44654 | C15: STHBKK012204000216 | D15: 62582 | E15: นาย สุพจน์ สัตตบุษ | I15: 300 | P15: 300 | Q15: =SUM(F15+G15+H15+I15+J15+K15+L15+M15+N15+O15-P15) -> 0 | R15: bkk-aoeng
A16: 12 | B16: 44654 | C16: STHBKK012204000217 | D16: 45193 | E16: นาง ศิลา สงอาจินต์ | I16: 10000 | P16: 10000 | Q16: =SUM(F16+G16+H16+I16+J16+K16+L16+M16+N16+O16-P16) -> 0 | R16: BKK-Neng
A17: 13 | B17: 44654 | C17: STHBKK012204000218 | D17: 63679 | E17: นาย วิเชียร ดีบุกคำ | I17: 300 | P17: 300 | Q17: =SUM(F17+G17+H17+I17+J17+K17+L17+M17+N17+O17-P17) -> 0 | R17: bkk-aoeng
A18: 14 | B18: 44654 | C18: STHBKK012204000219 | D18: 63869 | E18: นาย สุชาติ ชาติขุนทด | I18: 300 | P18: 300 | Q18: =SUM(F18+G18+H18+I18+J18+K18+L18+M18+N18+O18-P18) -> 0 | R18: bkk-aoeng
A19: 15 | B19: 44654 | C19: STHBKK012204000220 | D19: 59662 | E19: นาย วีระพล เรืองมณี | I19: 300 | P19: 300 | Q19: =SUM(F19+G19+H19+I19+J19+K19+L19+M19+N19+O19-P19) -> 0 | R19: bkk-aoeng
A20: 16 | B20: 44654 | C20: STHBKK012204000221 | D20: 68318 | E20: นาย อภิสิทธิ์ สุขสบาย | I20: 300 | P20: 300 | Q20: =SUM(F20+G20+H20+I20+J20+K20+L20+M20+N20+O20-P20) -> 0 | R20: bkk-aoeng
A21: 17 | B21: 44654 | C21: STHBKK012204000222 | D21: 62941 | E21: นางสาว สุคนธมาส ฟองสมบูรณ์ | I21: 300 | P21: 300 | Q21: =SUM(F21+G21+H21+I21+J21+K21+L21+M21+N21+O21-P21) -> 0 | R21: bkk-aoeng
A22: 18 | B22: 44654 | C22: STHBKK012204000223 | D22: 54937 | E22: นาย ทวี เกษี | J22: 2750 | P22: 2750 | Q22: =SUM(F22+G22+H22+I22+J22+K22+L22+M22+N22+O22-P22) -> 0 | R22: bkk-aoeng
A23: 19 | B23: 44654 | C23: STHBKK012204000225 | D23: 55992 | E23: นาย จักรพงศ์ เพชรเหลี่ยม | I23: 350 | P23: 350 | Q23: =SUM(F23+G23+H23+I23+J23+K23+L23+M23+N23+O23-P23) -> 0 | R23: bkk-aoeng
A24: 20 | B24: 44654 | C24: STHBKK012204000226 | D24: 51406 | E24: บริษัท สวนสุข จำกัด(สำนักงานใหญ่) | I24: 8550 | P24: 8550 | Q24: =SUM(F24+G24+H24+I24+J24+K24+L24+M24+N24+O24-P24) -> 0 | R24: bkk-aoeng
A25: 21 | B25: 44654 | C25: STHBKK012204000227 | D25: 68797 | E25: นาย สนั่น ผุกผา | I25: 27000 | P25: 27000 | Q25: =SUM(F25+G25+H25+I25+J25+K25+L25+M25+N25+O25-P25) -> 0 | R25: PoonBKK
A26: 22 | B26: 44654 | C26: STHBKK012204000229 | D26: 35245 | E26: ร้าน first beautiful | I26: 226000 | P26: 226000 | Q26: =SUM(F26+G26+H26+I26+J26+K26+L26+M26+N26+O26-P26) -> 0 | R26: PoonBKK
A27: 23 | B27: 44654 | C27: STHBKK012204000230 | D27: 52396 | E27: นาง รัตนกร ไม้แดง | J27: 5000 | P27: 5000 | Q27: =SUM(F27+G27+H27+I27+J27+K27+L27+M27+N27+O27-P27) -> 0 | R27: BKK-Neng
A28: 24 | B28: 44654 | C28: STHBKK012204000231 | D28: 54242 | E28: นาย ณัฐพล ไม้แดง | J28: 5000 | P28: 5000 | Q28: =SUM(F28+G28+H28+I28+J28+K28+L28+M28+N28+O28-P28) -> 0 | R28: BKK-Neng
A29: 25 | B29: 44654 | C29: STHBKK012204000232 | D29: 10001 | E29: บริษัท สว่างทรัพย์ จำกัด (สำนักงานใหญ่) | I29: 350 | P29: 350 | Q29: =SUM(F29+G29+H29+I29+J29+K29+L29+M29+N29+O29-P29) -> 0 | R29: PoonBKK
A30: 26 | B30: 44654 | C30: STHBKK012204000233 | D30: 52808 | E30: นาย จตุรเทพ ไม้แดง | J30: 7650 | P30: 7650 | Q30: =SUM(F30+G30+H30+I30+J30+K30+L30+M30+N30+O30-P30) -> 0 | R30: BKK-Neng
A31: 27 | B31: 44654 | C31: STHBKK012204000234 | D31: 51743 | E31: นาย เลิศวรรธน์ ศรีภิรมย์ | J31: 5000 | P31: 5000 | Q31: =SUM(F31+G31+H31+I31+J31+K31+L31+M31+N31+O31-P31) -> 0 | R31: bkk-aoeng
A32: 28 | B32: 44654 | C32: STHBKK012204000236 | D32: 51976 | E32: นาง วรัทยา จันทร์ชื่น | J32: 5000 | P32: 5000 | Q32: =SUM(F32+G32+H32+I32+J32+K32+L32+M32+N32+O32-P32) -> 0 | R32: bkk-aoeng
A33: 29 | B33: 44654 | C33: STHBKK012204000237 | D33: 51939 | E33: บริษัท รินทร์รฐา กรุ๊ป จำกัด(สำนักงานใหญ่) | I33: 19350 | P33: 19350 | Q33: =SUM(F33+G33+H33+I33+J33+K33+L33+M33+N33+O33-P33) -> 0 | R33: bkk-aoeng
A34: 30 | B34: 44654 | C34: STHBKK012204000238 | D34: 48343 | E34: นาย บรรจง ปุยอบ | I34: 10125 | P34: 10125 | Q34: =SUM(F34+G34+H34+I34+J34+K34+L34+M34+N34+O34-P34) -> 0 | R34: BKK-Neng
A35: 31 | B35: 44654 | C35: STHBKK012204000240 | D35: 50173 | E35: นาย ธนภัทร อยู่คำ | J35: 3950 | P35: 3950 | Q35: =SUM(F35+G35+H35+I35+J35+K35+L35+M35+N35+O35-P35) -> 0 | R35: bkk-aoeng
A36: 32 | B36: 44654 | C36: STHBKK012204000241 | D36: 51876 | E36: นางสาว จิราภรณ์ เขาทอง | I36: 52200 | P36: 52200 | Q36: =SUM(F36+G36+H36+I36+J36+K36+L36+M36+N36+O36-P36) -> 0 | R36: bkk-aoeng
A37: 33 | B37: 44654 | C37: STHBKK012204000242 | D37: 64951 | E37: นาง ณิชารีย์ บุญญารัตน์สถาพร | I37: 10000 | P37: 10000 | Q37: =SUM(F37+G37+H37+I37+J37+K37+L37+M37+N37+O37-P37) -> 0 | R37: BKK-Neng
A38: 34 | B38: 44654 | C38: STHBKK012204000247 | D38: 62809 | E38: นางสาว วรารัตน์ ฤกษ์ศรี | I38: 350 | P38: 350 | Q38: =SUM(F38+G38+H38+I38+J38+K38+L38+M38+N38+O38-P38) -> 0 | R38: BKK-Neng
A39: 35 | B39: 44654 | C39: STHBKK012204000250 | D39: 60282 | E39: นาง ณฐมน เสมือนคิด | M39: 300 | P39: 300 | Q39: =SUM(F39+G39+H39+I39+J39+K39+L39+M39+N39+O39-P39) -> 0 | R39: PoonBKK
A40: 36 | B40: 44654 | C40: STHBKK012204000251 | D40: 10320 | E40: บริษัท รีโวเด็ค จำกัด (สำนักงานใหญ่) | I40: 34100 | P40: 34100 | Q40: =SUM(F40+G40+H40+I40+J40+K40+L40+M40+N40+O40-P40) -> 0 | R40: bkk-aoeng
A41: 37 | B41: 44654 | C41: STHBKK012204000252 | D41: 52478 | E41: นาง วิลาวรรณ์ คานพุดซา | I41: 5000 | P41: 5000 | Q41: =SUM(F41+G41+H41+I41+J41+K41+L41+M41+N41+O41-P41) -> 0 | R41: PoonBKK
A42: 38 | B42: 44654 | C42: STHBKK012204000253 | D42: 37135 | E42: นางสาว นางสาว สุปรียา ศรีอุทิศ | I42: 5000 | P42: 5000 | Q42: =SUM(F42+G42+H42+I42+J42+K42+L42+M42+N42+O42-P42) -> 0 | R42: PoonBKK
A43: 39 | B43: 44654 | C43: STHBKK012204000254 | D43: 36769 | E43: นาย ยศพัทธิ์ ศรีอุทิศ | I43: 5200 | P43: 5200 | Q43: =SUM(F43+G43+H43+I43+J43+K43+L43+M43+N43+O43-P43) -> 0 | R43: PoonBKK
A44: 40 | B44: 44654 | C44: STHBKK012204000255 | D44: 36769 | E44: นาย ยศพัทธิ์ ศรีอุทิศ | I44: 150 | P44: 150 | Q44: =SUM(F44+G44+H44+I44+J44+K44+L44+M44+N44+O44-P44) -> 0 | R44: PoonBKK
A45: 41 | B45: 44654 | C45: STHBKK012204000256 | D45: 63613 | E45: นางสาว ธนัญญา พิพิธวณิชการ | H45: 5000 | P45: 5000 | Q45: =SUM(F45+G45+H45+I45+J45+K45+L45+M45+N45+O45-P45) -> 0 | R45: bkk-aoeng
A46: 42 | B46: 44654 | C46: STHBKK012204000258 | D46: 64147 | E46: นางสาว มาลี สีสุมัง | H46: 5000 | P46: 5000 | Q46: =SUM(F46+G46+H46+I46+J46+K46+L46+M46+N46+O46-P46) -> 0 | R46: bkk-aoeng
A47: 43 | B47: 44654 | C47: STHBKK012204000259 | D47: 66822 | E47: นาง กาญจนา พิพิธวณิชการ | H47: 5000 | P47: 5000 | Q47: =SUM(F47+G47+H47+I47+J47+K47+L47+M47+N47+O47-P47) -> 0 | R47: bkk-aoeng
A48: 44 | B48: 44654 | C48: STHBKK012204000261 | D48: 10288 | E48: นาย อนันต์กฤช เต็มศิริพันธุ์ | M48: 3600 | P48: 3600 | Q48: =SUM(F48+G48+H48+I48+J48+K48+L48+M48+N48+O48-P48) -> 0 | R48: PoonBKK
A49: 45 | B49: 44654 | C49: STHBKK012204000262 | D49: 10288 | E49: นาย อนันต์กฤช เต็มศิริพันธุ์ | M49: 22500 | P49: 22500 | Q49: =SUM(F49+G49+H49+I49+J49+K49+L49+M49+N49+O49-P49) -> 0 | R49: PoonBKK
A50: 46 | B50: 44654 | C50: STHBKK012204000263 | D50: 67756 | E50: นาย ตัน ตันวิน | H50: 5000 | P50: 5000 | Q50: =SUM(F50+G50+H50+I50+J50+K50+L50+M50+N50+O50-P50) -> 0 | R50: bkk-aoeng
A51: 47 | B51: 44654 | C51: STHBKK012204000264 | D51: 67530 | E51: นาง คิน มา วิน | H51: 5000 | P51: 5000 | Q51: =SUM(F51+G51+H51+I51+J51+K51+L51+M51+N51+O51-P51) -> 0 | R51: bkk-aoeng
A52: 48 | B52: 44654 | C52: STHBKK012204000266 | D52: 68169 | E52: นางสาว ลีนา มะนีแก้ว | H52: 5000 | P52: 5000 | Q52: =SUM(F52+G52+H52+I52+J52+K52+L52+M52+N52+O52-P52) -> 0 | R52: bkk-aoeng
A53: 49 | B53: 44654 | C53: STHBKK012204000268 | D53: 69118 | E53: นาย พิมมิ วงคำคูน | H53: 27000 | P53: 27000 | Q53: =SUM(F53+G53+H53+I53+J53+K53+L53+M53+N53+O53-P53) -> 0 | R53: bkk-aoeng
A54: 50 | B54: 44654 | C54: STHBKK012204000269 | D54: 63613 | E54: นางสาว ธนัญญา พิพิธวณิชการ | H54: 32000 | P54: 32000 | Q54: =SUM(F54+G54+H54+I54+J54+K54+L54+M54+N54+O54-P54) -> 0 | R54: bkk-aoeng
A55: 51 | B55: 44654 | C55: STHBKK012204000272 | D55: 63613 | E55: นางสาว ธนัญญา พิพิธวณิชการ | H55: 350 | P55: 350 | Q55: =SUM(F55+G55+H55+I55+J55+K55+L55+M55+N55+O55-P55) -> 0 | R55: bkk-aoeng
A56: 52 | B56: 44654 | C56: STHBKK012204000273 | D56: 55563 | E56: นางสาว พรสวรรค์&#8203; เจริญ&#8203;วงค์&#8203; | I56: 2650 | P56: 2650 | Q56: =SUM(F56+G56+H56+I56+J56+K56+L56+M56+N56+O56-P56) -> 0 | R56: PoonBKK
A57: 53 | B57: 44654 | C57: STHBKK012204000274 | D57: 14329 | E57: นาย มงคล เพ็งเคียน | I57: 25000 | P57: 25000 | Q57: =SUM(F57+G57+H57+I57+J57+K57+L57+M57+N57+O57-P57) -> 0 | R57: PoonBKK
A58: 54 | B58: 44654 | C58: STHBKK012204000275 | D58: 34956 | E58: อภิฐาพร บัวจันทร์ | J58: 150 | P58: 150 | Q58: =SUM(F58+G58+H58+I58+J58+K58+L58+M58+N58+O58-P58) -> 0 | R58: PoonBKK
A59: 55 | B59: 44654 | C59: STHBKK012204000276 | D59: 48053 | E59: นาย ต้นสัก สุคนธรัตน์ | I59: 2500 | P59: 2500 | Q59: =SUM(F59+G59+H59+I59+J59+K59+L59+M59+N59+O59-P59) -> 0 | R59: PoonBKK
A60: 56 | B60: 44654 | C60: STHBKK012204000277 | D60: 51462 | E60: นาย ภคพล เยาวลักษณ์ | I60: 5000 | P60: 5000 | Q60: =SUM(F60+G60+H60+I60+J60+K60+L60+M60+N60+O60-P60) -> 0 | R60: PoonBKK
A61: 57 | B61: 44654 | C61: STHBKK012204000278 | D61: 55881 | E61: นาย พิเชฐ หยีปอง | I61: 5000 | P61: 5000 | Q61: =SUM(F61+G61+H61+I61+J61+K61+L61+M61+N61+O61-P61) -> 0 | R61: PoonBKK
A62: 58 | B62: 44654 | C62: STHBKK012204000279 | D62: 56128 | E62: นาย รัชพล ฉัตรพลาธิป | I62: 3600 | P62: 3600 | Q62: =SUM(F62+G62+H62+I62+J62+K62+L62+M62+N62+O62-P62) -> 0 | R62: PoonBKK
A63: 59 | B63: 44654 | C63: STHBKK012204000280 | D63: 60770 | E63: บริษัท อัญรินทร์ 888 กรุ๊ป จำกัด (สำนักงานใหญ่) | I63: 4650 | P63: 4650 | Q63: =SUM(F63+G63+H63+I63+J63+K63+L63+M63+N63+O63-P63) -> 0 | R63: bkk-aoeng
A64: 60 | B64: 44654 | C64: STHBKK012204000281 | D64: 21937 | E64: รวมพล บุญยัง | I64: 2800 | P64: 2800 | Q64: =SUM(F64+G64+H64+I64+J64+K64+L64+M64+N64+O64-P64) -> 0 | R64: PoonBKK
A65: 61 | B65: 44654 | C65: STHBKK012204000282 | D65: 69121 | E65: นางสาว เพ็ญนิภา | I65: 300 | P65: 300 | Q65: =SUM(F65+G65+H65+I65+J65+K65+L65+M65+N65+O65-P65) -> 0 | R65: bkk-aoeng
A66: 62 | B66: 44654 | C66: STHBKK012204000285 | D66: 35220 | E66: นาย ดัสนีย์​ เจะ​เลาะ​ | G66: 15000 | P66: 15000 | Q66: =SUM(F66+G66+H66+I66+J66+K66+L66+M66+N66+O66-P66) -> 0 | R66: bkk-aoeng
A67: 63 | B67: 44654 | C67: STHBKK012204000287 | D67: 47181 | E67: นาย เรวัตร โปธิปัน | I67: 1600 | P67: 1600 | Q67: =SUM(F67+G67+H67+I67+J67+K67+L67+M67+N67+O67-P67) -> 0 | R67: bkk-aoeng
A68: 64 | B68: 44654 | C68: STHBKK012204000288 | D68: 50436 | E68: นาง พิชาวีร์ บวรธีราเศรษฐ์ | I68: 10000 | P68: 10000 | Q68: =SUM(F68+G68+H68+I68+J68+K68+L68+M68+N68+O68-P68) -> 0 | R68: bkk-aoeng
A69: 65 | B69: 44654 | C69: STHBKK012204000290 | D69: 60978 | E69: นางสาว อัญชลี พรมคล้าย | J69: 48900 | P69: 48900 | Q69: =SUM(F69+G69+H69+I69+J69+K69+L69+M69+N69+O69-P69) -> 0 | R69: bkk-aoeng
A70: 66 | B70: 44654 | C70: STHBKK012204000293 | D70: 50853 | E70: นาย นรุตม์ คุ้มสดวก | I70: 5000 | P70: 5000 | Q70: =SUM(F70+G70+H70+I70+J70+K70+L70+M70+N70+O70-P70) -> 0 | R70: bkk-aoeng
A71: 67 | B71: 44654 | C71: STHBKK012204000294 | D71: 55992 | E71: นาย จักรพงศ์ เพชรเหลี่ยม | I71: 10000 | P71: 10000 | Q71: =SUM(F71+G71+H71+I71+J71+K71+L71+M71+N71+O71-P71) -> 0 | R71: bkk-aoeng
A72: 68 | B72: 44654 | C72: STHBKK012204000295 | D72: 69123 | E72: นาง ลัดสะหมี จันทะวง | I72: 27000 | P72: 27000 | Q72: =SUM(F72+G72+H72+I72+J72+K72+L72+M72+N72+O72-P72) -> 0 | R72: PoonBKK
A73: 69 | B73: 44654 | C73: STHBKK012204000297 | D73: 62809 | E73: นางสาว วรารัตน์ ฤกษ์ศรี | I73: 2500 | P73: 2500 | Q73: =SUM(F73+G73+H73+I73+J73+K73+L73+M73+N73+O73-P73) -> 0 | R73: BKK-Neng
A74: 70 | B74: 44654 | C74: STHBKK012204000298 | D74: 65840 | E74: นาย ประเสริฐ อินทรมณี | I74: 6200 | P74: 6200 | Q74: =SUM(F74+G74+H74+I74+J74+K74+L74+M74+N74+O74-P74) -> 0 | R74: bkk-aoeng
A75: 71 | B75: 44654 | C75: STHBKK012204000301 | D75: 35227 | E75: นาย พีรพงศ์ ภรประเสริฐศรี | G75: 8000 | P75: 8000 | Q75: =SUM(F75+G75+H75+I75+J75+K75+L75+M75+N75+O75-P75) -> 0 | R75: bkk-aoeng
A76: 72 | B76: 44654 | C76: STHBKK012204000302 | D76: 69124 | E76: นาย ทองดี ลุนนีสีคำทอง | I76: 27700 | P76: 27700 | Q76: =SUM(F76+G76+H76+I76+J76+K76+L76+M76+N76+O76-P76) -> 0 | R76: PoonBKK
A77: 73 | B77: 44654 | C77: STHBKK012204000304 | D77: 46286 | E77: นาง แฉล้ม วรศาสตร์ | I77: 2250 | P77: 2250 | Q77: =SUM(F77+G77+H77+I77+J77+K77+L77+M77+N77+O77-P77) -> 0 | R77: PoonBKK
A78: 74 | B78: 44654 | C78: STHBKK012204000307 | D78: 54226 | E78: นาง กาญจนา จันทรมณี | I78: 10200 | P78: 10200 | Q78: =SUM(F78+G78+H78+I78+J78+K78+L78+M78+N78+O78-P78) -> 0 | R78: PoonBKK
A79: 75 | B79: 44654 | C79: STHBKK012204000308 | D79: 55146 | E79: นางสาว อาทิตติยา กกกลิ่น | J79: 5000 | P79: 5000 | Q79: =SUM(F79+G79+H79+I79+J79+K79+L79+M79+N79+O79-P79) -> 0 | R79: PoonBKK
A80: 76 | B80: 44654 | C80: STHBKK012204000309 | D80: 55146 | E80: นางสาว อาทิตติยา กกกลิ่น | J80: 5000 | P80: 5000 | Q80: =SUM(F80+G80+H80+I80+J80+K80+L80+M80+N80+O80-P80) -> 0 | R80: PoonBKK
A81: 77 | B81: 44654 | C81: STHBKK012204000311 | D81: 68311 | E81: นางสาว วลัยลักษณ์ ปราชญานุกุล | I81: 1450 | P81: 1450 | Q81: =SUM(F81+G81+H81+I81+J81+K81+L81+M81+N81+O81-P81) -> 0 | R81: PoonBKK
A82: 78 | B82: 44654 | C82: STHBKK012204000312 | D82: 13133 | E82: นางสาว มาเรียม ยิ้มสาระ | J82: 18600 | P82: 18600 | Q82: =SUM(F82+G82+H82+I82+J82+K82+L82+M82+N82+O82-P82) -> 0 | R82: PoonBKK
A83: 79 | B83: 44654 | C83: STHBKK012204000315 | D83: 69039 | E83: นาย ถิร ระพัสกรณ์ | J83: 300 | P83: 300 | Q83: =SUM(F83+G83+H83+I83+J83+K83+L83+M83+N83+O83-P83) -> 0 | R83: bkk-aoeng
A84: 80 | B84: 44654 | C84: STHBKK012204000317 | D84: 36918 | E84: นาย ณฐพนธ์ ศรีศักดา | I84: 12530 | P84: 12530 | Q84: =SUM(F84+G84+H84+I84+J84+K84+L84+M84+N84+O84-P84) -> 0 | R84: bkk-aoeng
A85: 81 | B85: 44654 | C85: STHBKK012204000318 | D85: 36918 | E85: นาย ณฐพนธ์ ศรีศักดา | F85: 600 | P85: 600 | Q85: =SUM(F85+G85+H85+I85+J85+K85+L85+M85+N85+O85-P85) -> 0 | R85: bkk-aoeng
A86: 82 | B86: 44654 | C86: STHBKK012204000319 | D86: 48651 | E86: นาย เหมวิทย์ โพธิ์ศรี | I86: 5150 | P86: 5150 | Q86: =SUM(F86+G86+H86+I86+J86+K86+L86+M86+N86+O86-P86) -> 0 | R86: bkk-aoeng
A87: 83 | B87: 44654 | C87: STHBKK012204000320 | D87: 54997 | E87: นางสาว ภานภัส พันธ์จันทร์ | I87: 2850 | P87: 2850 | Q87: =SUM(F87+G87+H87+I87+J87+K87+L87+M87+N87+O87-P87) -> 0 | R87: bkk-aoeng
A88: 84 | B88: 44654 | C88: STHBKK012204000321 | D88: 49655 | E88: ห้างหุ้นส่วนจำกัด บี ฮัมเบิล แอนด์ เมอร์ซี กรุ๊ป (สำนักงานใหญ่) | I88: 8500 | P88: 8500 | Q88: =SUM(F88+G88+H88+I88+J88+K88+L88+M88+N88+O88-P88) -> 0 | R88: bkk-aoeng
A89: 85 | B89: 44654 | C89: STHBKK012204000322 | D89: 69104 | E89: นางสาว น้ำเพชร อภิบุญญาวรกุล | I89: 500 | P89: 500 | Q89: =SUM(F89+G89+H89+I89+J89+K89+L89+M89+N89+O89-P89) -> 0 | R89: bkk-aoeng
A90: 86 | B90: 44654 | C90: STHBKK012204000323 | D90: 67860 | E90: นาง SA KHOUNKHAMLAR� | I90: 27000 | P90: 27000 | Q90: =SUM(F90+G90+H90+I90+J90+K90+L90+M90+N90+O90-P90) -> 0 | R90: PoonBKK
A91: 87 | B91: 44654 | C91: STHBKK012204000324 | D91: 16886 | E91: นาง พรทิพย์ แสงโพธิ์ | I91: 1350 | P91: 1350 | Q91: =SUM(F91+G91+H91+I91+J91+K91+L91+M91+N91+O91-P91) -> 0 | R91: bkk-aoeng
A92: 88 | B92: 44654 | C92: STHBKK012204000326 | D92: 47510 | E92: นาย นาย ฐากร ตันสิรานนท์ | I92: 10700 | P92: 10700 | Q92: =SUM(F92+G92+H92+I92+J92+K92+L92+M92+N92+O92-P92) -> 0 | R92: PoonBKK
A93: 89 | B93: 44654 | C93: STHBKK012204000327 | D93: 13762 | E93: นางสาว สุชานันท์ สะตะ | J93: 25000 | P93: 25000 | Q93: =SUM(F93+G93+H93+I93+J93+K93+L93+M93+N93+O93-P93) -> 0 | R93: PoonBKK
A94: 90 | B94: 44654 | C94: STHBKK012204000328 | D94: 52669 | E94: บริษัท โคบาราเอฟโวลูชั่น (ประเทศไทย)จำกัด | I94: 80500 | P94: 80500 | Q94: =SUM(F94+G94+H94+I94+J94+K94+L94+M94+N94+O94-P94) -> 0 | R94: bkk-aoeng
A95: 91 | B95: 44653 | C95: STHONLIN2204000035 | D95: 51462 | E95: นาย ภคพล เยาวลักษณ์ | O95: 2400 | P95: 2400 | Q95: =SUM(F95+G95+H95+I95+J95+K95+L95+M95+N95+O95-P95) -> 0
A96: 92 | B96: 44653 | C96: STHONLIN2204000036 | D96: 55881 | E96: นาย พิเชฐ หยีปอง | O96: 1400 | P96: 1400 | Q96: =SUM(F96+G96+H96+I96+J96+K96+L96+M96+N96+O96-P96) -> 0
A97: 93 | B97: 44653 | C97: STHONLIN2204000037 | D97: 66451 | E97: นางสาว จิรภาณุดา เกตุทิวากังสดาล | O97: 1200 | P97: 1200 | Q97: =SUM(F97+G97+H97+I97+J97+K97+L97+M97+N97+O97-P97) -> 0
A98: 94 | B98: 44653 | C98: STHONLIN2204000040 | D98: 51017 | E98: บริษัท ต.ศรีโสภณ จำกัด (สำนักงานใหญ่) | H98: 45600 | P98: 45600 | Q98: =SUM(F98+G98+H98+I98+J98+K98+L98+M98+N98+O98-P98) -> 0
A99: 95 | B99: 44653 | C99: STHONLIN2204000041 | D99: 67884 | E99: นาย วีระ ศรีรักษา | H99: 27000 | P99: 27000 | Q99: =SUM(F99+G99+H99+I99+J99+K99+L99+M99+N99+O99-P99) -> 0
A100: 96 | B100: 44654 | C100: STHONLIN2204000043 | D100: 51406 | E100: บริษัท สวนสุข จำกัด(สำนักงานใหญ่) | H100: 20000 | P100: 20000 | Q100: =SUM(F100+G100+H100+I100+J100+K100+L100+M100+N100+O100-P100) -> 0
...

Sheet 04.04.65
A1: DAILY SALE 4 APRIL 2022
A2: NO | B2: วันที่ | C2: เลขออเดอร์ | D2: รหัส | E2: Name | F2: Payment | R2: CS ผู้คีย์บิล
F3: Cash | G3: Credit Card | I3: Tranfer Money | K3: E-WALLET | L3: Paypal | M3: qr paymet | N3: หักคอม | O3: ARP | P3: ยอดในระบบ | Q3: ผลต่าง
G4: Front Office | H4: Online | I4: KBANK | J4: KTB
A5: 1 | B5: 44654 | C5: STHBKK012204000330 | D5: 35220 | E5: นาย ดัสนีย์​ เจะ​เลาะ​ | G5: 0 | P5: 15000 | Q5: =SUM(F5+G5+H5+I5+J5+K5+L5+M5+N5+O5-P5) -> -15000 | R5: bkk-aoeng
A6: 2 | B6: 44655 | C6: STHBKK012204000336 | D6: 59904 | E6: นาย สุรทัศน์ เกไธสร | I6: 5000 | P6: 5000 | Q6: =SUM(F6+G6+H6+I6+J6+K6+L6+M6+N6+O6-P6) -> 0 | R6: bkk-aoeng
A7: 3 | B7: 44655 | C7: STHBKK012204000337 | D7: 45193 | E7: นาง ศิลา สงอาจินต์ | I7: 10200 | P7: 10200 | Q7: =SUM(F7+G7+H7+I7+J7+K7+L7+M7+N7+O7-P7) -> 0 | R7: Katae BKK
A8: 4 | B8: 44655 | C8: STHBKK012204000338 | D8: 36555 | E8: นางสาว พิมพ์มาดา เงางาม | I8: 8750 | P8: 8750 | Q8: =SUM(F8+G8+H8+I8+J8+K8+L8+M8+N8+O8-P8) -> 0 | R8: bkk-aoeng
A9: 5 | B9: 44655 | C9: STHBKK012204000339 | D9: 48234 | E9: นาย กมล อินอ่อน | I9: 3900 | P9: 3900 | Q9: =SUM(F9+G9+H9+I9+J9+K9+L9+M9+N9+O9-P9) -> 0 | R9: Katae BKK
A10: 6 | B10: 44655 | C10: STHBKK012204000341 | D10: 14329 | E10: นาย มงคล เพ็งเคียน | I10: 2500 | P10: 2500 | Q10: =SUM(F10+G10+H10+I10+J10+K10+L10+M10+N10+O10-P10) -> 0 | R10: bkk-aoeng
A11: 7 | B11: 44655 | C11: STHBKK012204000342 | D11: 65111 | E11: นางสาว พิชญ์ชิชา สุดทิพย์รัสกร | F11: 300 | P11: 300 | Q11: =SUM(F11+G11+H11+I11+J11+K11+L11+M11+N11+O11-P11) -> 0 | R11: PoonBKK
A12: 8 | B12: 44655 | C12: STHBKK012204000344 | D12: 55366 | E12: นาย อัฒรพงษ์ กาญจนโกมล | J12: 1900 | P12: 1900 | Q12: =SUM(F12+G12+H12+I12+J12+K12+L12+M12+N12+O12-P12) -> 0 | R12: PoonBKK
A13: 9 | B13: 44655 | C13: STHBKK012204000345 | D13: 51939 | E13: บริษัท รินทร์รฐา กรุ๊ป จำกัด(สำนักงานใหญ่) | I13: 13900 | P13: 13900 | Q13: =SUM(F13+G13+H13+I13+J13+K13+L13+M13+N13+O13-P13) -> 0 | R13: bkk-nee
A14: 10 | B14: 44655 | C14: STHBKK012204000346 | D14: 68990 | E14: นางสาว สมคิด พันธ์คำ | J14: 500 | P14: 500 | Q14: =SUM(F14+G14+H14+I14+J14+K14+L14+M14+N14+O14-P14) -> 0 | R14: PoonBKK
A15: 11 | B15: 44655 | C15: STHBKK012204000347 | D15: 25650 | E15: นาง ศศกร อมตวงษ์ | K15: 500 | P15: 500 | Q15: =SUM(F15+G15+H15+I15+J15+K15+L15+M15+N15+O15-P15) -> 0 | R15: Katae BKK
A16: 12 | B16: 44655 | C16: STHBKK012204000348 | D16: 69075 | E16: นางสาว แก้ว วงค์คำ | J16: 500 | P16: 500 | Q16: =SUM(F16+G16+H16+I16+J16+K16+L16+M16+N16+O16-P16) -> 0 | R16: PoonBKK
A17: 13 | B17: 44655 | C17: STHBKK012204000349 | D17: 63158 | E17: นาย ลภชัย จินดารัตน์ | J17: 500 | P17: 500 | Q17: =SUM(F17+G17+H17+I17+J17+K17+L17+M17+N17+O17-P17) -> 0 | R17: PoonBKK
A18: 14 | B18: 44655 | C18: STHBKK012204000350 | D18: 69106 | E18: นาย วิฑูรย์ อุรุวรรณ | J18: 500 | P18: 500 | Q18: =SUM(F18+G18+H18+I18+J18+K18+L18+M18+N18+O18-P18) -> 0 | R18: PoonBKK
A19: 15 | B19: 44655 | C19: STHBKK012204000351 | D19: 69058 | E19: นางสาว บัว อุ่มครบุรี | J19: 500 | P19: 500 | Q19: =SUM(F19+G19+H19+I19+J19+K19+L19+M19+N19+O19-P19) -> 0 | R19: PoonBKK
A20: 16 | B20: 44655 | C20: STHBKK012204000352 | D20: 68810 | E20: นางสาว ปานระพี สืบกระแสร์ | J20: 500 | P20: 500 | Q20: =SUM(F20+G20+H20+I20+J20+K20+L20+M20+N20+O20-P20) -> 0 | R20: PoonBKK
A21: 17 | B21: 44655 | C21: STHBKK012204000353 | D21: 69109 | E21: นางสาว กาญจนาพร ด้วงเงิน | J21: 500 | P21: 500 | Q21: =SUM(F21+G21+H21+I21+J21+K21+L21+M21+N21+O21-P21) -> 0 | R21: PoonBKK
A22: 18 | B22: 44655 | C22: STHBKK012204000354 | D22: 68987 | E22: นางสาว สมพร บริสุทธิ์ | J22: 500 | P22: 500 | Q22: =SUM(F22+G22+H22+I22+J22+K22+L22+M22+N22+O22-P22) -> 0 | R22: PoonBKK
A23: 19 | B23: 44655 | C23: STHBKK012204000355 | D23: 34941 | E23: นาง วรางค์ศิริ ภัทรเดชกวีทิพย์ | J23: 500 | P23: 500 | Q23: =SUM(F23+G23+H23+I23+J23+K23+L23+M23+N23+O23-P23) -> 0 | R23: PoonBKK
A24: 20 | B24: 44655 | C24: STHBKK012204000356 | D24: 68417 | E24: นาย ศิริวัฒน์ ศิริวงศ์ศาล | J24: 500 | P24: 500 | Q24: =SUM(F24+G24+H24+I24+J24+K24+L24+M24+N24+O24-P24) -> 0 | R24: PoonBKK
A25: 21 | B25: 44655 | C25: STHBKK012204000357 | D25: 68844 | E25: นาง ปิ่นคำ ประดิษฐ์ | J25: 500 | P25: 500 | Q25: =SUM(F25+G25+H25+I25+J25+K25+L25+M25+N25+O25-P25) -> 0 | R25: PoonBKK
A26: 22 | B26: 44655 | C26: STHBKK012204000358 | D26: 68587 | E26: นาย บรรพตต์ ภวะวิจารณ์ | J26: 500 | P26: 500 | Q26: =SUM(F26+G26+H26+I26+J26+K26+L26+M26+N26+O26-P26) -> 0 | R26: PoonBKK
A27: 23 | B27: 44655 | C27: STHBKK012204000362 | D27: 58858 | E27: นางสาว วัลยาลักษณ์ เกษมอัครธำรง | I27: 350 | P27: 350 | Q27: =SUM(F27+G27+H27+I27+J27+K27+L27+M27+N27+O27-P27) -> 0 | R27: bkk-aoeng
A28: 24 | B28: 44655 | C28: STHBKK012204000364 | D28: 52032 | E28: นางสาว กาญจนา จองเกียรติ์ | I28: 350 | P28: 350 | Q28: =SUM(F28+G28+H28+I28+J28+K28+L28+M28+N28+O28-P28) -> 0 | R28: PoonBKK
A29: 25 | B29: 44655 | C29: STHBKK012204000365 | D29: 52206 | E29: นาย ภูวกร บวรฉัตรชาตรี | I29: 30840 | P29: 30840 | Q29: =SUM(F29+G29+H29+I29+J29+K29+L29+M29+N29+O29-P29) -> 0 | R29: bkk-aoeng
A30: 26 | B30: 44655 | C30: STHBKK012204000366 | D30: 67410 | E30: นาย ไช จอมมะนีวง | I30: 10000 | P30: 10000 | Q30: =SUM(F30+G30+H30+I30+J30+K30+L30+M30+N30+O30-P30) -> 0 | R30: PoonBKK
A31: 27 | B31: 44655 | C31: STHBKK012204000368 | D31: 36928 | E31: นาง ฐานมญ ชลคีรี | J31: 3750 | P31: 3750 | Q31: =SUM(F31+G31+H31+I31+J31+K31+L31+M31+N31+O31-P31) -> 0 | R31: PoonBKK
A32: 28 | B32: 44655 | C32: STHBKK012204000369 | D32: 55162 | E32: นางสาว สุพัตรา กันเฉย | J32: 27500 | P32: 27500 | Q32: =SUM(F32+G32+H32+I32+J32+K32+L32+M32+N32+O32-P32) -> 0 | R32: bkk-aoeng
A33: 29 | B33: 44655 | C33: STHBKK012204000370 | D33: 52669 | E33: บริษัท โคบาราเอฟโวลูชั่น (ประเทศไทย)จำกัด | G33: 15000 | P33: 15000 | Q33: =SUM(F33+G33+H33+I33+J33+K33+L33+M33+N33+O33-P33) -> 0 | R33: bkk-aoeng
A34: 30 | B34: 44655 | C34: STHBKK012204000372 | D34: 51876 | E34: นางสาว จิราภรณ์ เขาทอง | I34: 30000 | P34: 30000 | Q34: =SUM(F34+G34+H34+I34+J34+K34+L34+M34+N34+O34-P34) -> 0 | R34: bkk-aoeng
A35: 31 | B35: 44655 | C35: STHBKK012204000373 | D35: 55388 | E35: นาย จรัญ กอบธัญกรณ์ | I35: 2650 | P35: 2650 | Q35: =SUM(F35+G35+H35+I35+J35+K35+L35+M35+N35+O35-P35) -> 0 | R35: bkk-aoeng
A36: 32 | B36: 44655 | C36: STHBKK012204000374 | D36: 50613 | E36: นางสาว นฤมล พุ่มแสง | J36: 2650 | P36: 2650 | Q36: =SUM(F36+G36+H36+I36+J36+K36+L36+M36+N36+O36-P36) -> 0 | R36: bkk-aoeng
A37: 33 | B37: 44655 | C37: STHBKK012204000375 | D37: 51069 | E37: นาย วีรกร พงษ์วัน | I37: 5200 | P37: 5200 | Q37: =SUM(F37+G37+H37+I37+J37+K37+L37+M37+N37+O37-P37) -> 0 | R37: Katae BKK
A38: 34 | B38: 44655 | C38: STHBKK012204000377 | D38: 53283 | E38: นางสาว กนกวรรณ โต๊ะดี | I38: 5200 | P38: 5200 | Q38: =SUM(F38+G38+H38+I38+J38+K38+L38+M38+N38+O38-P38) -> 0 | R38: bkk-aoeng
A39: 35 | B39: 44655 | C39: STHBKK012204000378 | D39: 42060 | E39: เจษฎาภรณ์ วิลัยกุล | H39: 3750 | P39: 3750 | Q39: =SUM(F39+G39+H39+I39+J39+K39+L39+M39+N39+O39-P39) -> 0 | R39: PoonBKK
A40: 36 | B40: 44655 | C40: STHBKK012204000379 | D40: 42046 | E40: นาย ธนกร อภัยพงศ์ | H40: 5275 | P40: 5275 | Q40: =SUM(F40+G40+H40+I40+J40+K40+L40+M40+N40+O40-P40) -> 0 | R40: PoonBKK
A41: 37 | B41: 44655 | C41: STHBKK012204000380 | D41: 69149 | E41: นาย สนิท เอกจีน | J41: 27000 | P41: 27000 | Q41: =SUM(F41+G41+H41+I41+J41+K41+L41+M41+N41+O41-P41) -> 0 | R41: bkk-nee
A42: 38 | B42: 44655 | C42: STHBKK012204000381 | D42: 52669 | E42: บริษัท โคบาราเอฟโวลูชั่น (ประเทศไทย)จำกัด | G42: 688 | P42: 688 | Q42: =SUM(F42+G42+H42+I42+J42+K42+L42+M42+N42+O42-P42) -> 0 | R42: bkk-aoeng
A43: 39 | B43: 44655 | C43: STHBKK012204000382 | D43: 21821 | E43: ห้างหุ้นส่วนจำกัด เครือข่ายปิยธนา ( สำนักงานใหญ่ ) | I43: 26050 | P43: 26050 | Q43: =SUM(F43+G43+H43+I43+J43+K43+L43+M43+N43+O43-P43) -> 0 | R43: Katae BKK
A44: 40 | B44: 44655 | C44: STHBKK012204000383 | D44: 65193 | E44: นางสาว อภิญญา สวัดิพงษ์ | J44: 775 | P44: 775 | Q44: =SUM(F44+G44+H44+I44+J44+K44+L44+M44+N44+O44-P44) -> 0 | R44: bkk-aoeng
A45: 41 | B45: 44655 | C45: STHBKK012204000384 | D45: 64290 | E45: นาย วิชัย มั่งสุข | I45: 2650 | P45: 2650 | Q45: =SUM(F45+G45+H45+I45+J45+K45+L45+M45+N45+O45-P45) -> 0 | R45: bkk-aoeng
A46: 42 | B46: 44655 | C46: STHBKK012204000385 | D46: 55409 | E46: นาง กรรณิการ์ คล้ายแก้ว | F46: 1250 | I46: 12500 | J46: 1250 | P46: 15000 | Q46: =SUM(F46+G46+H46+I46+J46+K46+L46+M46+N46+O46-P46) -> 0 | R46: bkk-nee
A47: 43 | B47: 44655 | C47: STHBKK012204000386 | D47: 10250 | E47: นาย สุรวิทย์ ทิพยโสภากุล | J47: 1250 | P47: 1250 | Q47: =SUM(F47+G47+H47+I47+J47+K47+L47+M47+N47+O47-P47) -> 0 | R47: bkk-aoeng
A48: 44 | B48: 44655 | C48: STHBKK012204000387 | D48: 63485 | E48: นางสาว ปภัสสร ภู่เพชร | I48: 11600 | P48: 11600 | Q48: =SUM(F48+G48+H48+I48+J48+K48+L48+M48+N48+O48-P48) -> 0 | R48: PoonBKK
A49: 45 | B49: 44655 | C49: STHBKK012204000388 | D49: 10320 | E49: บริษัท รีโวเด็ค จำกัด (สำนักงานใหญ่) | I49: 5000 | P49: 5000 | Q49: =SUM(F49+G49+H49+I49+J49+K49+L49+M49+N49+O49-P49) -> 0 | R49: bkk-aoeng
A50: 46 | B50: 44655 | C50: STHBKK012204000392 | D50: 55162 | E50: นางสาว สุพัตรา กันเฉย | J50: 900 | P50: 900 | Q50: =SUM(F50+G50+H50+I50+J50+K50+L50+M50+N50+O50-P50) -> 0 | R50: bkk-aoeng
A51: 47 | B51: 44655 | C51: STHBKK012204000393 | D51: 51782 | E51: นาย สุวิทย์ รองชูเพ็ง | J51: 700 | P51: 700 | Q51: =SUM(F51+G51+H51+I51+J51+K51+L51+M51+N51+O51-P51) -> 0 | R51: PoonBKK
A52: 48 | B52: 44655 | C52: STHBKK012204000395 | D52: 66838 | E52: นาย เสฎฐวุฒิ พนาอภิชน | I52: 34200 | P52: 34200 | Q52: =SUM(F52+G52+H52+I52+J52+K52+L52+M52+N52+O52-P52) -> 0 | R52: Katae BKK
A53: 49 | B53: 44655 | C53: STHBKK012204000396 | D53: 51848 | E53: นาย สุทธิ คำบุญ | J53: 5150 | P53: 5150 | Q53: =SUM(F53+G53+H53+I53+J53+K53+L53+M53+N53+O53-P53) -> 0 | R53: PoonBKK
A54: 50 | B54: 44655 | C54: STHBKK012204000399 | D54: 44035 | E54: นางสาว โสภา นายสุข | I54: 20000 | P54: 20000 | Q54: =SUM(F54+G54+H54+I54+J54+K54+L54+M54+N54+O54-P54) -> 0 | R54: PoonBKK
A55: 51 | B55: 44655 | C55: STHBKK012204000400 | D55: 48052 | E55: นาง นภาไพลิน กาละวันต์ | I55: 1400 | P55: 1400 | Q55: =SUM(F55+G55+H55+I55+J55+K55+L55+M55+N55+O55-P55) -> 0 | R55: bkk-aoeng
A56: 52 | B56: 44655 | C56: STHBKK012204000401 | D56: 36555 | E56: นางสาว พิมพ์มาดา เงางาม | I56: 8750 | P56: 8750 | Q56: =SUM(F56+G56+H56+I56+J56+K56+L56+M56+N56+O56-P56) -> 0 | R56: Katae BKK
A57: 53 | B57: 44655 | C57: STHBKK012204000402 | D57: 27066 | E57: นาย ชลธี จันทโคตร | I57: 34000 | P57: 34000 | Q57: =SUM(F57+G57+H57+I57+J57+K57+L57+M57+N57+O57-P57) -> 0 | R57: bkk-aoeng
A58: 54 | B58: 44655 | C58: STHBKK012204000405 | D58: 52032 | E58: นางสาว กาญจนา จองเกียรติ์ | I58: 350 | P58: 350 | Q58: =SUM(F58+G58+H58+I58+J58+K58+L58+M58+N58+O58-P58) -> 0 | R58: PoonBKK
A59: 55 | B59: 44655 | C59: STHBKK012204000407 | D59: 50595 | E59: บริษัท แก้วแกมทอง เทรดดิ้ง จำกัด (สำนักงานใหญ่) | I59: 70000 | P59: 70000 | Q59: =SUM(F59+G59+H59+I59+J59+K59+L59+M59+N59+O59-P59) -> 0 | R59: bkk-aoeng
A60: 56 | B60: 44655 | C60: STHBKK012204000409 | D60: 69152 | E60: นาย สุเนตร โนมขุนทด | I60: 27000 | P60: 27000 | Q60: =SUM(F60+G60+H60+I60+J60+K60+L60+M60+N60+O60-P60) -> 0 | R60: Katae BKK
A61: 57 | B61: 44655 | C61: STHBKK012204000412 | D61: 49953 | E61: บริษัท ฟองใหญ่ จำกัด (สำนักงานใหญ่) | K61: 50 | P61: 50 | Q61: =SUM(F61+G61+H61+I61+J61+K61+L61+M61+N61+O61-P61) -> 0 | R61: PoonBKK
A62: 58 | B62: 44655 | C62: STHBKK012204000413 | D62: 50593 | E62: บริษัท วี.เอ็น.ซี.สกินแคร์ จำกัด ( สำนักงานใหญ่ ) | I62: 45000 | P62: 45000 | Q62: =SUM(F62+G62+H62+I62+J62+K62+L62+M62+N62+O62-P62) -> 0 | R62: bkk-aoeng
A63: 59 | B63: 44655 | C63: STHBKK012204000414 | D63: 10002 | E63: นาย พัฒน์รดิศ สุพัฒน์วณิชกร | K63: 3600 | P63: 3600 | Q63: =SUM(F63+G63+H63+I63+J63+K63+L63+M63+N63+O63-P63) -> 0 | R63: Katae BKK
A64: 60 | B64: 44655 | C64: STHBKK012204000416 | D64: 58074 | E64: นาย สรวิชญ์ ทองหล่อ | I64: 3900 | P64: 3900 | Q64: =SUM(F64+G64+H64+I64+J64+K64+L64+M64+N64+O64-P64) -> 0 | R64: bkk-aoeng
A65: 61 | B65: 44655 | C65: STHBKK012204000417 | D65: 22332 | E65: นางสาว คณาง ไพรบึง | I65: 5150 | P65: 5150 | Q65: =SUM(F65+G65+H65+I65+J65+K65+L65+M65+N65+O65-P65) -> 0 | R65: bkk-aoeng
A66: 62 | B66: 44655 | C66: STHBKK012204000418 | D66: 61479 | E66: นางสาว วรวิมล ภูชฎาภิรมย์ | I66: 4450 | P66: 4450 | Q66: =SUM(F66+G66+H66+I66+J66+K66+L66+M66+N66+O66-P66) -> 0 | R66: Katae BKK
A67: 63 | B67: 44655 | C67: STHBKK012204000420 | D67: 61479 | E67: นางสาว วรวิมล ภูชฎาภิรมย์ | I67: 1000 | P67: 1000 | Q67: =SUM(F67+G67+H67+I67+J67+K67+L67+M67+N67+O67-P67) -> 0 | R67: Katae BKK
A68: 64 | B68: 44655 | C68: STHBKK012204000421 | D68: 49599 | E68: นาย อภิวัฒน์ หน่ายมี | I68: 2500 | P68: 2500 | Q68: =SUM(F68+G68+H68+I68+J68+K68+L68+M68+N68+O68-P68) -> 0 | R68: bkk-aoeng
A69: 65 | B69: 44655 | C69: STHBKK012204000423 | D69: 49667 | E69: นาย ภัทรจาริน บุตรผักแว่น | I69: 5950 | P69: 5950 | Q69: =SUM(F69+G69+H69+I69+J69+K69+L69+M69+N69+O69-P69) -> 0 | R69: PoonBKK
A70: 66 | B70: 44655 | C70: STHBKK012204000424 | D70: 50173 | E70: นาย ธนภัทร อยู่คำ | J70: 900 | P70: 900 | Q70: =SUM(F70+G70+H70+I70+J70+K70+L70+M70+N70+O70-P70) -> 0 | R70: bkk-aoeng
A71: 67 | B71: 44655 | C71: STHBKK012204000425 | D71: 57230 | E71: นางสาว วรรณา ต๊ะแก้ว | I71: 8125 | P71: 8125 | Q71: =SUM(F71+G71+H71+I71+J71+K71+L71+M71+N71+O71-P71) -> 0 | R71: bkk-aoeng
A72: 68 | B72: 44655 | C72: STHBKK012204000426 | D72: 50306 | E72: นางสาว ธมลกันย์ โกเมศกัลยรัตน์ | I72: 1250 | P72: 1250 | Q72: =SUM(F72+G72+H72+I72+J72+K72+L72+M72+N72+O72-P72) -> 0 | R72: bkk-nee
A73: 69 | B73: 44655 | C73: STHBKK012204000427 | D73: 56681 | E73: นาง วิไล กสิกร | I73: 5000 | P73: 5000 | Q73: =SUM(F73+G73+H73+I73+J73+K73+L73+M73+N73+O73-P73) -> 0 | R73: bkk-nee
A74: 70 | B74: 44655 | C74: STHBKK012204000429 | D74: 44173 | E74: นางสาว วัชรากร พันธ์บัว | I74: 1450 | P74: 1450 | Q74: =SUM(F74+G74+H74+I74+J74+K74+L74+M74+N74+O74-P74) -> 0 | R74: bkk-aoeng
A75: 71 | B75: 44655 | C75: STHBKK012204000430 | D75: 53203 | E75: นาย กฤษณะ บุรณพันธ์ | J75: 500 | P75: 500 | Q75: =SUM(F75+G75+H75+I75+J75+K75+L75+M75+N75+O75-P75) -> 0 | R75: bkk-aoeng
A76: 72 | B76: 44655 | C76: STHBKK012204000433 | D76: 56681 | E76: นาง วิไล กสิกร | I76: 25000 | P76: 25000 | Q76: =SUM(F76+G76+H76+I76+J76+K76+L76+M76+N76+O76-P76) -> 0 | R76: PoonBKK
A77: 73 | B77: 44655 | C77: STHBKK012204000434 | D77: 39803 | E77: นาง ภีรดา เดชะนามเมือง | J77: 8395 | P77: 8395 | Q77: =SUM(F77+G77+H77+I77+J77+K77+L77+M77+N77+O77-P77) -> 0 | R77: bkk-nee
A78: 74 | B78: 44655 | C78: STHBKK012204000437 | D78: 52197 | E78: นางสาว อนัญญา จันดาวรรณ์ | I78: 15000 | P78: 15000 | Q78: =SUM(F78+G78+H78+I78+J78+K78+L78+M78+N78+O78-P78) -> 0 | R78: Katae BKK
A79: 75 | B79: 44655 | C79: STHBKK012204000438 | D79: 16726 | E79: วิษณุ สามล | I79: 5775 | P79: 5775 | Q79: =SUM(F79+G79+H79+I79+J79+K79+L79+M79+N79+O79-P79) -> 0 | R79: PoonBKK
A80: 76 | B80: 44655 | C80: STHBKK012204000440 | D80: 54196 | E80: นาง ศรีจันทร์ สามล | I80: 1400 | P80: 1400 | Q80: =SUM(F80+G80+H80+I80+J80+K80+L80+M80+N80+O80-P80) -> 0 | R80: PoonBKK
A81: 77 | B81: 44655 | C81: STHBKK012204000441 | D81: 46778 | E81: นาย ปรีชา แก้วโกถม | J81: 15000 | P81: 15000 | Q81: =SUM(F81+G81+H81+I81+J81+K81+L81+M81+N81+O81-P81) -> 0 | R81: Katae BKK
A82: 78 | B82: 44655 | C82: STHBKK012204000442 | D82: 48052 | E82: นาง นภาไพลิน กาละวันต์ | I82: 5200 | P82: 5200 | Q82: =SUM(F82+G82+H82+I82+J82+K82+L82+M82+N82+O82-P82) -> 0 | R82: bkk-aoeng
A83: 79 | B83: 44655 | C83: STHBKK012204000443 | D83: 48053 | E83: นาย ต้นสัก สุคนธรัตน์ | I83: 2500 | P83: 2500 | Q83: =SUM(F83+G83+H83+I83+J83+K83+L83+M83+N83+O83-P83) -> 0 | R83: bkk-aoeng
A84: 80 | B84: 44655 | C84: STHBKK012204000444 | D84: 50342 | E84: นาย จักรพงศ์ สินธุรักษ์ | K84: 1450 | P84: 1450 | Q84: =SUM(F84+G84+H84+I84+J84+K84+L84+M84+N84+O84-P84) -> 0 | R84: PoonBKK
A85: 81 | B85: 44655 | C85: STHBKK012204000445 | D85: 67110 | E85: นาย นพพร ก้อนนคร | I85: 730 | P85: 730 | Q85: =SUM(F85+G85+H85+I85+J85+K85+L85+M85+N85+O85-P85) -> 0 | R85: PoonBKK
A86: 82 | B86: 44655 | C86: STHBKK012204000446 | D86: 53203 | E86: นาย กฤษณะ บุรณพันธ์ | J86: 3750 | P86: 3750 | Q86: =SUM(F86+G86+H86+I86+J86+K86+L86+M86+N86+O86-P86) -> 0 | R86: bkk-aoeng
A87: 83 | B87: 44655 | C87: STHBKK012204000449 | D87: 33065 | E87: นางสาว สุภาวดี บุญเพ็ชร | I87: 2850 | P87: 2850 | Q87: =SUM(F87+G87+H87+I87+J87+K87+L87+M87+N87+O87-P87) -> 0 | R87: PoonBKK
A88: 84 | B88: 44655 | C88: STHBKK012204000450 | D88: 66012 | E88: นางสาว พรทิพย์&#8203;วงษ์ชัย | I88: 8125 | P88: 8125 | Q88: =SUM(F88+G88+H88+I88+J88+K88+L88+M88+N88+O88-P88) -> 0 | R88: Katae BKK
A89: 85 | B89: 44655 | C89: STHBKK012204000451 | D89: 54212 | E89: นางสาว ศิริพักตร์ พูลวิชา | I89: 100 | P89: 100 | Q89: =SUM(F89+G89+H89+I89+J89+K89+L89+M89+N89+O89-P89) -> 0 | R89: PoonBKK
A90: 86 | B90: 44655 | C90: STHBKK012204000452 | D90: 68234 | E90: นาย ธนาภูมิ ราชศิลา | I90: 500 | P90: 500 | Q90: =SUM(F90+G90+H90+I90+J90+K90+L90+M90+N90+O90-P90) -> 0 | R90: PoonBKK
A91: 87 | B91: 44655 | C91: STHBKK012204000453 | D91: 50436 | E91: นาง พิชาวีร์ บวรธีราเศรษฐ์ | I91: 350 | P91: 350 | Q91: =SUM(F91+G91+H91+I91+J91+K91+L91+M91+N91+O91-P91) -> 0 | R91: Katae BKK
A92: 88 | B92: 44655 | C92: STHBKK012204000454 | D92: 61496 | E92: นาง บุญญานุช ยอดดี | I92: 15000 | P92: 15000 | Q92: =SUM(F92+G92+H92+I92+J92+K92+L92+M92+N92+O92-P92) -> 0 | R92: Katae BKK
A93: 89 | B93: 44655 | C93: STHBKK012204000455 | D93: 13762 | E93: นางสาว สุชานันท์ สะตะ | J93: 18750 | P93: 18750 | Q93: =SUM(F93+G93+H93+I93+J93+K93+L93+M93+N93+O93-P93) -> 0 | R93: BKK-Neng
A94: 90 | B94: 44655 | C94: STHBKK012204000457 | D94: 42071 | E94: โสภิต เกลี้ยงประไพ | J94: 1250 | P94: 1250 | Q94: =SUM(F94+G94+H94+I94+J94+K94+L94+M94+N94+O94-P94) -> 0 | R94: PoonBKK
A95: 91 | B95: 44655 | C95: STHBKK012204000460 | D95: 53151 | E95: นาย เทิดศักดิ์ สุวรรณรักษ์ | I95: 5150 | P95: 5150 | Q95: =SUM(F95+G95+H95+I95+J95+K95+L95+M95+N95+O95-P95) -> 0 | R95: bkk-aoeng
A96: 92 | B96: 44655 | C96: STHBKK012204000462 | D96: 69039 | E96: นาย ถิร ระพัสกรณ์ | G96: 27000 | P96: 27000 | Q96: =SUM(F96+G96+H96+I96+J96+K96+L96+M96+N96+O96-P96) -> 0 | R96: bkk-nee
A97: 93 | B97: 44655 | C97: STHBKK012204000463 | D97: 67560 | E97: นาง รติรัตน์ อภิรัตน์ธนาดุล | I97: 27000 | P97: 27000 | Q97: =SUM(F97+G97+H97+I97+J97+K97+L97+M97+N97+O97-P97) -> 0 | R97: bkk-aoeng
A98: 94 | B98: 44655 | C98: STHBKK012204000464 | D98: 57499 | E98: นาย ทนงศักดิ์ รัตนบุรี | G98: 111600 | P98: 111600 | Q98: =SUM(F98+G98+H98+I98+J98+K98+L98+M98+N98+O98-P98) -> 0 | R98: bkk-nee
A99: 95 | B99: 44655 | C99: STHBKK012204000465 | D99: 10250 | E99: นาย สุรวิทย์ ทิพยโสภากุล | I99: 5200 | P99: 5200 | Q99: =SUM(F99+G99+H99+I99+J99+K99+L99+M99+N99+O99-P99) -> 0 | R99: PoonBKK
A100: 96 | B100: 44655 | C100: STHBKK012204000466 | D100: 30895 | E100: นาย สิปปภาส โรจนวสุธร | I100: 34950 | P100: 34950 | Q100: =SUM(F100+G100+H100+I100+J100+K100+L100+M100+N100+O100-P100) -> 0 | R100: bkk-aoeng
...

Sheet 05.04.65
A1: DAILY SALE 5 APRIL 2022
A2: NO | B2: วันที่ | C2: เลขออเดอร์ | D2: รหัส | E2: Name | F2: Payment | R2: CS ผู้คีย์บิล
F3: Cash | G3: Credit Card | I3: Tranfer Money | K3: E-WALLET | L3: Paypal | M3: qr paymet | N3: หักคอม | O3: ARP | P3: ยอดในระบบ | Q3: ผลต่าง
G4: Front Office | H4: Online | I4: KBANK | J4: KTB
A5: 1 | B5: 44655 | C5: STHBKK012204000519 | D5: 41826 | E5: สมใจ มั่นคง | G5: 600 | P5: 600 | Q5: =SUM(F5+G5+H5+I5+J5+K5+L5+M5+N5+O5-P5) -> 0 | R5: PoonBKK
A6: 2 | B6: 44656 | C6: STHBKK012204000520 | D6: 10320 | E6: บริษัท รีโวเด็ค จำกัด (สำนักงานใหญ่) | I6: 350 | P6: 350 | Q6: =SUM(F6+G6+H6+I6+J6+K6+L6+M6+N6+O6-P6) -> 0 | R6: Katae BKK
A7: 3 | B7: 44656 | C7: STHBKK012204000523 | D7: 50173 | E7: นาย ธนภัทร อยู่คำ | I7: 2650 | P7: 2650 | Q7: =SUM(F7+G7+H7+I7+J7+K7+L7+M7+N7+O7-P7) -> 0 | R7: Katae BKK
A8: 4 | B8: 44656 | C8: STHBKK012204000525 | D8: 51939 | E8: บริษัท รินทร์รฐา กรุ๊ป จำกัด(สำนักงานใหญ่) | I8: 11400 | P8: 11400 | Q8: =SUM(F8+G8+H8+I8+J8+K8+L8+M8+N8+O8-P8) -> 0 | R8: Katae BKK
A9: 5 | B9: 44656 | C9: STHBKK012204000528 | D9: 50854 | E9: นาง วันดี คำไพ | I9: 300 | P9: 300 | Q9: =SUM(F9+G9+H9+I9+J9+K9+L9+M9+N9+O9-P9) -> 0 | R9: BKK-Neng
A10: 6 | B10: 44656 | C10: STHBKK012204000529 | D10: 49777 | E10: นาง ภัทฐิชา พุ่มพุก | J10: 5000 | P10: 5000 | Q10: =SUM(F10+G10+H10+I10+J10+K10+L10+M10+N10+O10-P10) -> 0 | R10: Katae BKK
A11: 7 | B11: 44656 | C11: STHBKK012204000531 | D11: 46778 | E11: นาย ปรีชา แก้วโกถม | J11: 7500 | P11: 7500 | Q11: =SUM(F11+G11+H11+I11+J11+K11+L11+M11+N11+O11-P11) -> 0 | R11: Katae BKK
A12: 8 | B12: 44656 | C12: STHBKK012204000533 | D12: 46778 | E12: นาย ปรีชา แก้วโกถม | J12: 1250 | P12: 1250 | Q12: =SUM(F12+G12+H12+I12+J12+K12+L12+M12+N12+O12-P12) -> 0 | R12: Katae BKK
A13: 9 | B13: 44656 | C13: STHBKK012204000535 | D13: 69160 | E13: นางสาว ณัชภวิกา ประชาเชษฐ์ | I13: 27000 | P13: 27000 | Q13: =SUM(F13+G13+H13+I13+J13+K13+L13+M13+N13+O13-P13) -> 0 | R13: PoonBKK
A14: 10 | B14: 44656 | C14: STHBKK012204000536 | D14: 36928 | E14: นาง ฐานมญ ชลคีรี | K14: 11025 | P14: 11025 | Q14: =SUM(F14+G14+H14+I14+J14+K14+L14+M14+N14+O14-P14) -> 0 | R14: lFrAmEl
A15: 11 | B15: 44656 | C15: STHBKK012204000538 | D15: 48052 | E15: นาง นภาไพลิน กาละวันต์ | I15: 5000 | P15: 5000 | Q15: =SUM(F15+G15+H15+I15+J15+K15+L15+M15+N15+O15-P15) -> 0 | R15: Katae BKK
A16: 12 | B16: 44656 | C16: STHBKK012204000539 | D16: 69040 | E16: นาง มะลิวรรณ อยู่เจริญ | I16: 27000 | P16: 27000 | Q16: =SUM(F16+G16+H16+I16+J16+K16+L16+M16+N16+O16-P16) -> 0 | R16: PoonBKK
A17: 13 | B17: 44656 | C17: STHBKK012204000541 | D17: 54317 | E17: นาง ขวัญจิตร์ กลิ่นเจริญ | I17: 5000 | P17: 5000 | Q17: =SUM(F17+G17+H17+I17+J17+K17+L17+M17+N17+O17-P17) -> 0 | R17: lFrAmEl
A18: 14 | B18: 44656 | C18: STHBKK012204000543 | D18: 54503 | E18: นาย สมศักดิ์ พิมพ์หนู | J18: 10000 | P18: 10000 | Q18: =SUM(F18+G18+H18+I18+J18+K18+L18+M18+N18+O18-P18) -> 0 | R18: PoonBKK
A19: 15 | B19: 44656 | C19: STHBKK012204000544 | D19: 51051 | E19: นาย พรชัย คูสกุล | I19: 19900 | P19: 19900 | Q19: =SUM(F19+G19+H19+I19+J19+K19+L19+M19+N19+O19-P19) -> 0 | R19: Katae BKK
A20: 16 | B20: 44656 | C20: STHBKK012204000545 | D20: 45096 | E20: นาย วิเชษฐ สกุลหอม | I20: 3125 | P20: 3125 | Q20: =SUM(F20+G20+H20+I20+J20+K20+L20+M20+N20+O20-P20) -> 0 | R20: lFrAmEl
A21: 17 | B21: 44656 | C21: STHBKK012204000546 | D21: 57499 | E21: นาย ทนงศักดิ์ รัตนบุรี | J21: 5200 | P21: 5200 | Q21: =SUM(F21+G21+H21+I21+J21+K21+L21+M21+N21+O21-P21) -> 0 | R21: Katae BKK
A22: 18 | B22: 44656 | C22: STHBKK012204000547 | D22: 54515 | E22: นาย รุ่งมงคล พวงจำปา | J22: 2700 | P22: 2700 | Q22: =SUM(F22+G22+H22+I22+J22+K22+L22+M22+N22+O22-P22) -> 0 | R22: PoonBKK
A23: 19 | B23: 44656 | C23: STHBKK012204000548 | D23: 63098 | E23: นาง สุชานาถ ทะยานรัมย์ | J23: 5000 | P23: 5000 | Q23: =SUM(F23+G23+H23+I23+J23+K23+L23+M23+N23+O23-P23) -> 0 | R23: PoonBKK
A24: 20 | B24: 44656 | C24: STHBKK012204000549 | D24: 59904 | E24: นาย สุรทัศน์ เกไธสร | I24: 700 | P24: 700 | Q24: =SUM(F24+G24+H24+I24+J24+K24+L24+M24+N24+O24-P24) -> 0 | R24: PoonBKK
A25: 21 | B25: 44656 | C25: STHBKK012204000550 | D25: 53160 | E25: นาย วินัย ธงชัย | J25: 6250 | P25: 6250 | Q25: =SUM(F25+G25+H25+I25+J25+K25+L25+M25+N25+O25-P25) -> 0 | R25: PoonBKK
A26: 22 | B26: 44656 | C26: STHBKK012204000552 | D26: 53160 | E26: นาย วินัย ธงชัย | J26: 5000 | P26: 5000 | Q26: =SUM(F26+G26+H26+I26+J26+K26+L26+M26+N26+O26-P26) -> 0 | R26: PoonBKK
A27: 23 | B27: 44656 | C27: STHBKK012204000554 | D27: 48631 | E27: ดร. โนรี เต๊ะหละ | I27: 15000 | P27: 15000 | Q27: =SUM(F27+G27+H27+I27+J27+K27+L27+M27+N27+O27-P27) -> 0 | R27: lFrAmEl
A28: 24 | B28: 44656 | C28: STHBKK012204000555 | D28: 63406 | E28: นาย วุฒิชัย มุระดา | I28: 3350 | P28: 3350 | Q28: =SUM(F28+G28+H28+I28+J28+K28+L28+M28+N28+O28-P28) -> 0 | R28: lFrAmEl
A29: 25 | B29: 44656 | C29: STHBKK012204000556 | D29: 67137 | E29: นางสาว กนกพร ผิวเขียว | I29: 27000 | P29: 27000 | Q29: =SUM(F29+G29+H29+I29+J29+K29+L29+M29+N29+O29-P29) -> 0 | R29: Katae BKK
A30: 26 | B30: 44656 | C30: STHBKK012204000557 | D30: 51876 | E30: นางสาว จิราภรณ์ เขาทอง | I30: 40200 | P30: 40200 | Q30: =SUM(F30+G30+H30+I30+J30+K30+L30+M30+N30+O30-P30) -> 0 | R30: lFrAmEl
A31: 27 | B31: 44656 | C31: STHBKK012204000561 | D31: 52973 | E31: นาย สมรวม กุลโสภณ | I31: 3600 | P31: 3600 | Q31: =SUM(F31+G31+H31+I31+J31+K31+L31+M31+N31+O31-P31) -> 0 | R31: bkk-nee
A32: 28 | B32: 44656 | C32: STHBKK012204000562 | D32: 50436 | E32: นาง พิชาวีร์ บวรธีราเศรษฐ์ | I32: 10600 | P32: 10600 | Q32: =SUM(F32+G32+H32+I32+J32+K32+L32+M32+N32+O32-P32) -> 0 | R32: bkk-nee
A33: 29 | B33: 44656 | C33: STHBKK012204000564 | D33: 51406 | E33: บริษัท สวนสุข จำกัด(สำนักงานใหญ่) | I33: 8300 | P33: 8300 | Q33: =SUM(F33+G33+H33+I33+J33+K33+L33+M33+N33+O33-P33) -> 0 | R33: lFrAmEl
A34: 30 | B34: 44656 | C34: STHBKK012204000565 | D34: 52681 | E34: นาย ธนธรณ์ ปัจฉิมพาณิชย์ | I34: 1400 | P34: 1400 | Q34: =SUM(F34+G34+H34+I34+J34+K34+L34+M34+N34+O34-P34) -> 0 | R34: PoonBKK
A35: 31 | B35: 44656 | C35: STHBKK012204000569 | D35: 36769 | E35: นาย ยศพัทธิ์ ศรีอุทิศ | I35: 25000 | P35: 25000 | Q35: =SUM(F35+G35+H35+I35+J35+K35+L35+M35+N35+O35-P35) -> 0 | R35: lFrAmEl
A36: 32 | B36: 44656 | C36: STHBKK012204000570 | D36: 45193 | E36: นาง ศิลา สงอาจินต์ | I36: 59500 | P36: 59500 | Q36: =SUM(F36+G36+H36+I36+J36+K36+L36+M36+N36+O36-P36) -> 0 | R36: Katae BKK
A37: 33 | B37: 44656 | C37: STHBKK012204000573 | D37: 13781 | E37: นาย สุรวัฒน์ ตั้งพงศ์ศิรประภา | I37: 15000 | P37: 15000 | Q37: =SUM(F37+G37+H37+I37+J37+K37+L37+M37+N37+O37-P37) -> 0 | R37: Katae BKK
A38: 34 | B38: 44656 | C38: STHBKK012204000574 | D38: 14329 | E38: นาย มงคล เพ็งเคียน | I38: 700 | P38: 700 | Q38: =SUM(F38+G38+H38+I38+J38+K38+L38+M38+N38+O38-P38) -> 0 | R38: bkk-nee
... A42: 38 | B42: 44656 | C42: STHBKK012204000579 | D42: 51051 | E42: นาย พรชัย คูสกุล | I42: 15000 | P42: 15000 | Q42: =SUM(F42+G42+H42+I42+J42+K42+L42+M42+N42+O42-P42) -> 0 | R42: bkk-nee
A43: 39 | B43: 44656 | C43: STHBKK012204000580 | D43: 48482 | E43: นาง นาง สิริรัตน์ อินทร์ศักดิ์ | J43: 3700 | P43: 3700 | Q43: =SUM(F43+G43+H43+I43+J43+K43+L43+M43+N43+O43-P43) -> 0 | R43: PoonBKK
A44: 40 | B44: 44656 | C44: STHBKK012204000581 | D44: 54099 | E44: นาย พันธ์ณุ คำคล้าย | I44: 10000 | P44: 10000 | Q44: =SUM(F44+G44+H44+I44+J44+K44+L44+M44+N44+O44-P44) -> 0 | R44: bkk-nee
A45: 41 | B45: 44656 | C45: STHBKK012204000582 | D45: 69173 | E45: นางสาว วันวิสาข์ โพธิ์ตาดทอง | I45: 69500 | P45: 69500 | Q45: =SUM(F45+G45+H45+I45+J45+K45+L45+M45+N45+O45-P45) -> 0 | R45: BKK-Neng
A46: 42 | B46: 44656 | C46: STHBKK012204000583 | D46: 49831 | E46: นาย บุญเลิศ รวมวินิจ | J46: 5700 | P46: 5700 | Q46: =SUM(F46+G46+H46+I46+J46+K46+L46+M46+N46+O46-P46) -> 0 | R46: PoonBKK
A47: 43 | B47: 44656 | C47: STHBKK012204000585 | D47: 63017 | E47: บริษัท ช็อปจีนิกซ์ จำกัด (สำนักงานใหญ่) | I47: 2500 | P47: 2500 | Q47: =SUM(F47+G47+H47+I47+J47+K47+L47+M47+N47+O47-P47) -> 0 | R47: bkk-nee
A48: 44 | B48: 44656 | C48: STHBKK012204000587 | D48: 56775 | E48: นางสาว พินทุสร ศรีวรมย์ | I48: 2650 | P48: 2650 | Q48: =SUM(F48+G48+H48+I48+J48+K48+L48+M48+N48+O48-P48) -> 0 | R48: PoonBKK
A49: 45 | B49: 44656 | C49: STHBKK012204000588 | D49: 50616 | E49: นางสาว แก้วเพียงขวัญ จันทรพงศ์ | J49: 1300 | P49: 1300 | Q49: =SUM(F49+G49+H49+I49+J49+K49+L49+M49+N49+O49-P49) -> 0 | R49: Katae BKK
A50: 46 | B50: 44656 | C50: STHBKK012204000589 | D50: 68839 | E50: นาง บุญญาพร ย้อยคุณา | J50: 4650 | P50: 4650 | Q50: =SUM(F50+G50+H50+I50+J50+K50+L50+M50+N50+O50-P50) -> 0 | R50: bkk-nee
A51: 47 | B51: 44656 | C51: STHBKK012204000590 | D51: 53283 | E51: นางสาว กนกวรรณ โต๊ะดี | I51: 5575 | P51: 5575 | Q51: =SUM(F51+G51+H51+I51+J51+K51+L51+M51+N51+O51-P51) -> 0 | R51: PoonBKK
A52: 48 | B52: 44656 | C52: STHBKK012204000591 | D52: 36555 | E52: นางสาว พิมพ์มาดา เงางาม | I52: 15000 | P52: 15000 | Q52: =SUM(F52+G52+H52+I52+J52+K52+L52+M52+N52+O52-P52) -> 0 | R52: Katae BKK
A53: 49 | B53: 44656 | C53: STHBKK012204000592 | D53: 66774 | E53: นาย ศุภลักษณ์ สิมหะชาติ | J53: 1250 | P53: 1250 | Q53: =SUM(F53+G53+H53+I53+J53+K53+L53+M53+N53+O53-P53) -> 0 | R53: PoonBKK
A54: 50 | B54: 44656 | C54: STHBKK012204000594 | D54: 53095 | E54: บริษัท กนกรักษ์65 จำกัด ( สำนักงานใหญ่ ) | I54: 8125 | P54: 8125 | Q54: =SUM(F54+G54+H54+I54+J54+K54+L54+M54+N54+O54-P54) -> 0 | R54: PoonBKK
A55: 51 | B55: 44656 | C55: STHBKK012204000595 | D55: 11136 | E55: ลัดดา เจริญโชติทรัพย์ | J55: 1450 | P55: 1450 | Q55: =SUM(F55+G55+H55+I55+J55+K55+L55+M55+N55+O55-P55) -> 0 | R55: bkk-nee
A56: 52 | B56: 44656 | C56: STHBKK012204000601 | D56: 51697 | E56: นาง ภัทรพิดา อุ่นโสดา | J56: 3047 | K56: 5378 | P56: 8425 | Q56: =SUM(F56+G56+H56+I56+J56+K56+L56+M56+N56+O56-P56) -> 0 | R56: Katae BKK
A57: 53 | B57: 44656 | C57: STHBKK012204000602 | D57: 30895 | E57: นาย สิปปภาส โรจนวสุธร | J57: 30000 | P57: 30000 | Q57: =SUM(F57+G57+H57+I57+J57+K57+L57+M57+N57+O57-P57) -> 0 | R57: PoonBKK
A58: 54 | B58: 44656 | C58: STHBKK012204000604 | D58: 33065 | E58: นางสาว สุภาวดี บุญเพ็ชร | I58: 2650 | P58: 2650 | Q58: =SUM(F58+G58+H58+I58+J58+K58+L58+M58+N58+O58-P58) -> 0 | R58: PoonBKK
A59: 55 | B59: 44656 | C59: STHBKK012204000605 | D59: 64740 | E59: นางสาว มนัสนันท์ อ่อนศิริ | J59: 1865 | K59: 785 | P59: 2650 | Q59: =SUM(F59+G59+H59+I59+J59+K59+L59+M59+N59+O59-P59) -> 0 | R59: PoonBKK
A60: 56 | B60: 44656 | C60: STHBKK012204000607 | D60: 48910 | E60: วาสนา ดิษปัญญา | J60: 17875 | P60: 17875 | Q60: =SUM(F60+G60+H60+I60+J60+K60+L60+M60+N60+O60-P60) -> 0 | R60: PoonBKK
A61: 57 | B61: 44656 | C61: STHBKK012204000608 | D61: 19971 | E61: นาง นิกุล เสือนุ่ม | J61: 7650 | P61: 7650 | Q61: =SUM(F61+G61+H61+I61+J61+K61+L61+M61+N61+O61-P61) -> 0 | R61: PoonBKK
A62: 58 | B62: 44656 | C62: STHBKK012204000610 | D62: 28414 | E62: นาง ณัฎฐณันธ์ วงวันดี | I62: 15000 | P62: 15000 | Q62: =SUM(F62+G62+H62+I62+J62+K62+L62+M62+N62+O62-P62) -> 0 | R62: PoonBKK
A63: 59 | B63: 44656 | C63: STHBKK012204000611 | D63: 69181 | E63: นาย ท้าวเข็มเพัด เฮืองมะนี | I63: 27000 | P63: 27000 | Q63: =SUM(F63+G63+H63+I63+J63+K63+L63+M63+N63+O63-P63) -> 0 | R63: Katae BKK
A64: 60 | B64: 44656 | C64: STHBKK012204000614 | D64: 36080 | E64: สุรชาติ นพนิธิพัฒน์ | I64: 8300 | P64: 8300 | Q64: =SUM(F64+G64+H64+I64+J64+K64+L64+M64+N64+O64-P64) -> 0 | R64: Katae BKK
A65: 61 | B65: 44656 | C65: STHBKK012204000617 | D65: 65361 | E65: นาย พีรพงศ์ ไชยประเสริฐ | J65: 900 | P65: 900 | Q65: =SUM(F65+G65+H65+I65+J65+K65+L65+M65+N65+O65-P65) -> 0 | R65: PoonBKK
A66: 62 | B66: 44656 | C66: STHBKK012204000618 | D66: 48053 | E66: นาย ต้นสัก สุคนธรัตน์ | I66: 300 | P66: 300 | Q66: =SUM(F66+G66+H66+I66+J66+K66+L66+M66+N66+O66-P66) -> 0 | R66: Katae BKK
A67: 63 | B67: 44656 | C67: STHBKK012204000619 | D67: 51782 | E67: นาย สุวิทย์ รองชูเพ็ง | J67: 350 | P67: 350 | Q67: =SUM(F67+G67+H67+I67+J67+K67+L67+M67+N67+O67-P67) -> 0 | R67: PoonBKK
A68: 64 | B68: 44656 | C68: STHBKK012204000621 | D68: 49864 | E68: นางสาว ธนิดา แสงจันทร์ | I68: 5000 | P68: 5000 | Q68: =SUM(F68+G68+H68+I68+J68+K68+L68+M68+N68+O68-P68) -> 0 | R68: Katae BKK
A69: 65 | B69: 44656 | C69: STHBKK012204000623 | D69: 69186 | E69: นาย มูฮัมหมัดอัดดาลี บิน โมฮะหมัด เคอร์ | I69: 27000 | P69: 27000 | Q69: =SUM(F69+G69+H69+I69+J69+K69+L69+M69+N69+O69-P69) -> 0 | R69: PoonBKK
A70: 66 | B70: 44656 | C70: STHBKK012204000624 | D70: 59312 | E70: นาย เมืองมนต์ สุขเจริญ | I70: 27000 | P70: 27000 | Q70: =SUM(F70+G70+H70+I70+J70+K70+L70+M70+N70+O70-P70) -> 0 | R70: Katae BKK
A71: 67 | B71: 44656 | C71: STHBKK012204000627 | D71: 28414 | E71: นาง ณัฎฐณันธ์ วงวันดี | F71: 1150 | I71: 300 | P71: 1450 | Q71: =SUM(F71+G71+H71+I71+J71+K71+L71+M71+N71+O71-P71) -> 0 | R71: bkk-nee
A72: 68 | B72: 44656 | C72: STHBKK012204000628 | D72: 48631 | E72: ดร. โนรี เต๊ะหละ | I72: 2725 | P72: 2725 | Q72: =SUM(F72+G72+H72+I72+J72+K72+L72+M72+N72+O72-P72) -> 0 | R72: Katae BKK
A73: 69 | B73: 44656 | C73: STHBKK012204000630 | D73: 51329 | E73: นาย เฉลิม สวัสดี | I73: 1925 | P73: 1925 | Q73: =SUM(F73+G73+H73+I73+J73+K73+L73+M73+N73+O73-P73) -> 0 | R73: bkk-nee
A74: 70 | B74: 44656 | C74: STHBKK012204000631 | D74: 35220 | E74: นาย ดัสนีย์​ เจะ​เลาะ​ | I74: 350 | P74: 350 | Q74: =SUM(F74+G74+H74+I74+J74+K74+L74+M74+N74+O74-P74) -> 0 | R74: BKK-Neng
A75: 71 | B75: 44656 | C75: STHBKK012204000632 | D75: 51434 | E75: นางสาว อชิรดานันท์ เกิดปั้น | I75: 5000 | P75: 5000 | Q75: =SUM(F75+G75+H75+I75+J75+K75+L75+M75+N75+O75-P75) -> 0 | R75: PoonBKK
A76: 72 | B76: 44656 | C76: STHBKK012204000633 | D76: 54501 | E76: นางสาว อรวรรณ มั่นคง | I76: 4375 | P76: 4375 | Q76: =SUM(F76+G76+H76+I76+J76+K76+L76+M76+N76+O76-P76) -> 0 | R76: PoonBKK
A77: 73 | B77: 44656 | C77: STHBKK012204000634 | D77: 21818 | E77: ห้างหุ้นส่วนจำกัด ไดม่อนอันดามัน เน็ตเวิร์ค (สำนักงานใหญ่) | K77: 1750 | P77: 1750 | Q77: =SUM(F77+G77+H77+I77+J77+K77+L77+M77+N77+O77-P77) -> 0 | R77: Katae BKK
A78: 74 | B78: 44656 | C78: STHBKK012204000635 | D78: 55763 | E78: นางสาว รดากุล ลาลัยวรากูล | I78: 3350 | P78: 3350 | Q78: =SUM(F78+G78+H78+I78+J78+K78+L78+M78+N78+O78-P78) -> 0 | R78: PoonBKK
A79: 75 | B79: 44656 | C79: STHBKK012204000636 | D79: 66814 | E79: นาย ศฤงคาร ผาพิศาล | I79: 400 | P79: 400 | Q79: =SUM(F79+G79+H79+I79+J79+K79+L79+M79+N79+O79-P79) -> 0 | R79: PoonBKK
A80: 76 | B80: 44656 | C80: STHBKK012204000637 | D80: 58978 | E80: นางสาว นลพรรณ นอบน้อม | I80: 700 | P80: 700 | Q80: =SUM(F80+G80+H80+I80+J80+K80+L80+M80+N80+O80-P80) -> 0 | R80: PoonBKK
A81: 77 | B81: 44656 | C81: STHBKK012204000639 | D81: 69191 | E81: นาย ธนาธิป แสนชนะ | I81: 600 | P81: 600 | Q81: =SUM(F81+G81+H81+I81+J81+K81+L81+M81+N81+O81-P81) -> 0 | R81: Katae BKK
A82: 78 | B82: 44656 | C82: STHBKK012204000640 | D82: 54763 | E82: นาย บูชาติ หาดสร้อย + นาง ลัดดา หาดสร้อย | I82: 1500 | P82: 1500 | Q82: =SUM(F82+G82+H82+I82+J82+K82+L82+M82+N82+O82-P82) -> 0 | R82: PoonBKK
A83: 79 | B83: 44656 | C83: STHBKK012204000641 | D83: 68976 | E83: นาย นเรศ ขำหลง | I83: 8750 | P83: 8750 | Q83: =SUM(F83+G83+H83+I83+J83+K83+L83+M83+N83+O83-P83) -> 0 | R83: PoonBKK
A84: 80 | B84: 44656 | C84: STHBKK012204000642 | D84: 61553 | E84: นาง บุญตา พวงมาลัย | J84: 5150 | P84: 5150 | Q84: =SUM(F84+G84+H84+I84+J84+K84+L84+M84+N84+O84-P84) -> 0 | R84: Katae BKK
A85: 81 | B85: 44656 | C85: STHBKK012204000643 | D85: 21821 | E85: ห้างหุ้นส่วนจำกัด เครือข่ายปิยธนา ( สำนักงานใหญ่ ) | G85: 1775 | I85: 14625 | P85: 16400 | Q85: =SUM(F85+G85+H85+I85+J85+K85+L85+M85+N85+O85-P85) -> 0 | R85: PoonBKK
A86: 82 | B86: 44656 | C86: STHBKK012204000645 | D86: 52083 | E86: บริษัท ศรีทวีรุ่งโรจน์ จำกัด(สำนักงานใหญ่) | I86: 33500 | P86: 33500 | Q86: =SUM(F86+G86+H86+I86+J86+K86+L86+M86+N86+O86-P86) -> 0 | R86: PoonBKK
A87: 83 | B87: 44656 | C87: STHBKK012204000647 | D87: 44035 | E87: นางสาว โสภา นายสุข | I87: 0 | P87: 20000 | Q87: =SUM(F87+G87+H87+I87+J87+K87+L87+M87+N87+O87-P87) -> -20000 | R87: PoonBKK
A88: 84 | B88: 44656 | C88: STHBKK012204000648 | D88: 57061 | E88: นาง ลัดดา กาญจนา | J88: 9375 | P88: 9375 | Q88: =SUM(F88+G88+H88+I88+J88+K88+L88+M88+N88+O88-P88) -> 0 | R88: PoonBKK
A89: 85 | B89: 44656 | C89: STHBKK012204000649 | D89: 54763 | E89: นาย บูชาติ หาดสร้อย + นาง ลัดดา หาดสร้อย | F89: 600 | P89: 600 | Q89: =SUM(F89+G89+H89+I89+J89+K89+L89+M89+N89+O89-P89) -> 0 | R89: PoonBKK
A90: 86 | B90: 44656 | C90: STHBKK012204000650 | D90: 54763 | E90: นาย บูชาติ หาดสร้อย + นาง ลัดดา หาดสร้อย | F90: 100 | P90: 100 | Q90: =SUM(F90+G90+H90+I90+J90+K90+L90+M90+N90+O90-P90) -> 0 | R90: PoonBKK
A91: 87 | B91: 44655 | C91: STHONLIN2204000095 | D91: 12102 | E91: บริษัท เจแอลที คอร์ปอเรชั่น จำกัด | H91: 15000 | P91: 15000 | Q91: =SUM(F91+G91+H91+I91+J91+K91+L91+M91+N91+O91-P91) -> 0
A92: 88 | B92: 44655 | C92: STHONLIN2204000096 | D92: 51017 | E92: บริษัท ต.ศรีโสภณ จำกัด (สำนักงานใหญ่) | H92: 3500 | P92: 3500 | Q92: =SUM(F92+G92+H92+I92+J92+K92+L92+M92+N92+O92-P92) -> 0
A93: 89 | B93: 44655 | C93: STHONLIN2204000097 | D93: 25376 | E93: ภัคภร ทองประสม | H93: 10250 | P93: 10250 | Q93: =SUM(F93+G93+H93+I93+J93+K93+L93+M93+N93+O93-P93) -> 0
A94: 90 | B94: 44655 | C94: STHONLIN2204000098 | D94: 51017 | E94: บริษัท ต.ศรีโสภณ จำกัด (สำนักงานใหญ่) | H94: 40000 | P94: 40000 | Q94: =SUM(F94+G94+H94+I94+J94+K94+L94+M94+N94+O94-P94) -> 0
A95: 91 | B95: 44655 | C95: STHONLIN2204000099 | D95: 12102 | E95: บริษัท เจแอลที คอร์ปอเรชั่น จำกัด | H95: 20050 | P95: 20050 | Q95: =SUM(F95+G95+H95+I95+J95+K95+L95+M95+N95+O95-P95) -> 0
A96: 92 | B96: 44656 | C96: STHONLIN2204000102 | D96: 49918 | E96: นาย เกียรติศักดิ์ อาดมะเร๊ะ | H96: 7700 | P96: 7700 | Q96: =SUM(F96+G96+H96+I96+J96+K96+L96+M96+N96+O96-P96) -> 0
A97: 93 | B97: 44656 | C97: STHONLIN2204000103 | D97: 67884 | E97: นาย วีระ ศรีรักษา | H97: 5150 | P97: 5150 | Q97: =SUM(F97+G97+H97+I97+J97+K97+L97+M97+N97+O97-P97) -> 0
A98: 94 | B98: 44656 | C98: STHONLIN2204000105 | D98: 50616 | E98: นางสาว แก้วเพียงขวัญ จันทรพงศ์ | O98: 3870 | P98: 3870 | Q98: =SUM(F98+G98+H98+I98+J98+K98+L98+M98+N98+O98-P98) -> 0
A99: 95 | B99: 44656 | C99: STHONLIN2204000106 | D99: 49082 | E99: นาย นฐกร แสงจันทร์ | O99: 1290 | P99: 1290 | Q99: =SUM(F99+G99+H99+I99+J99+K99+L99+M99+N99+O99-P99) -> 0
A100: 96 | B100: 44656 | C100: STHONLIN2204000107 | D100: 52470 | E100: นางสาว จารุณี เขาทอง | O100: 3600 | P100: 3600 | Q100: =SUM(F100+G100+H100+I100+J100+K100+L100+M100+N100+O100-P100) -> 0
A101: 97 | B101: 44656 | C101: STHONLIN2204000108 | D101: 53374 | E101: ด.ต. สมพร เขาทอง | O101: 1200 | P101: 1200 | Q101: =SUM(F101+G101+H101+I101+J101+K101+L101+M101+N101+O101-P101) -> 0
A102: 98 | B102: 44656 | C102: STHONLIN2204000110 | D102: 50342 | E102: นาย จักรพงศ์ สินธุรักษ์ | H102: 350 | P102: 350 | Q102: =SUM(F102+G102+H102+I102+J102+K102+L102+M102+N102+O102-P102) -> 0
A103: 99 | B103: 44656 | C103: STHONLIN2204000111 | D103: 43380 | E103: นางสาว สุภาพร พรมทา | H103: 13200 | P103: 13200 | Q103: =SUM(F103+G103+H103+I103+J103+K103+L103+M103+N103+O103-P103) -> 0
...

Sheet 07.04.65
A1: DAILY SALE 07 APRIL 2022
A2: NO | B2: วันที่ | C2: เลขออเดอร์ | D2: รหัส | E2: Name | F2: Payment | R2: CS ผู้คีย์บิล
F3: Cash | G3: Credit Card | I3: Tranfer Money | K3: E-WALLET | L3: Paypal | M3: qr paymet | N3: หักคอม | O3: ARP | P3: ยอดในระบบ | Q3: ผลต่าง
G4: Front Office | H4: Online | I4: KBANK | J4: KTB
A5: 1 | B5: 44656 | C5: STHBKK012204000653 | D5: 10320 | E5: บริษัท รีโวเด็ค จำกัด (สำนักงานใหญ่) | I5: 0 | P5: 1250 | Q5: =SUM(F5+G5+H5+I5+J5+K5+L5+M5+N5+O5-P5) -> -1250 | R5: Katae BKK
A6: 2 | B6: 44658 | C6: STHBKK012204000654 | D6: 51939 | E6: บริษัท รินทร์รฐา กรุ๊ป จำกัด(สำนักงานใหญ่) | I6: 11400 | P6: 11400 | Q6: =SUM(F6+G6+H6+I6+J6+K6+L6+M6+N6+O6-P6) -> 0 | R6: PoonBKK
A7: 3 | B7: 44658 | C7: STHBKK012204000656 | D7: 53249 | E7: ห้างหุ้นส่วนจำกัด ปูแดงพารวย ( สำนักงานใหญ่) | I7: 16250 | P7: 16250 | Q7: =SUM(F7+G7+H7+I7+J7+K7+L7+M7+N7+O7-P7) -> 0 | R7: bkk-aoeng
A8: 4 | B8: 44658 | C8: STHBKK012204000657 | D8: 50474 | E8: นาย ณัฐพล ศรีทอง | I8: 25000 | P8: 25000 | Q8: =SUM(F8+G8+H8+I8+J8+K8+L8+M8+N8+O8-P8) -> 0 | R8: PoonBKK
A9: 5 | B9: 44658 | C9: STHBKK012204000658 | D9: 69213 | E9: นาย พิสิษฐ์ ดาบเงิน | I9: 27000 | P9: 27000 | Q9: =SUM(F9+G9+H9+I9+J9+K9+L9+M9+N9+O9-P9) -> 0 | R9: Katae BKK
A10: 6 | B10: 44658 | C10: STHBKK012204000663 | D10: 48136 | E10: พ.ต.ท. วิรุฬ อินทร์มีสุข | I10: 2850 | P10: 2850 | Q10: =SUM(F10+G10+H10+I10+J10+K10+L10+M10+N10+O10-P10) -> 0 | R10: PoonBKK
A11: 7 | B11: 44658 | C11: STHBKK012204000664 | D11: 59452 | E11: นาย บุญลักษณ์ แสงอุ่น | I11: 25000 | P11: 25000 | Q11: =SUM(F11+G11+H11+I11+J11+K11+L11+M11+N11+O11-P11) -> 0 | R11: Katae BKK
A12: 8 | B12: 44658 | C12: STHBKK012204000665 | D12: 53663 | E12: นาย พงศ์อมร เด่นดวง | I12: 25580 | P12: 25580 | Q12: =SUM(F12+G12+H12+I12+J12+K12+L12+M12+N12+O12-P12) -> 0 | R12: bkk-aoeng
A13: 9 | B13: 44658 | C13: STHBKK012204000666 | D13: 58119 | E13: นางสาว เบญจพร ชุมรักษา | I13: 2650 | P13: 2650 | Q13: =SUM(F13+G13+H13+I13+J13+K13+L13+M13+N13+O13-P13) -> 0 | R13: bkk-aoeng
A14: 10 | B14: 44658 | C14: STHBKK012204000667 | D14: 53249 | E14: ห้างหุ้นส่วนจำกัด ปูแดงพารวย ( สำนักงานใหญ่) | F14: 200 | P14: 200 | Q14: =SUM(F14+G14+H14+I14+J14+K14+L14+M14+N14+O14-P14) -> 0 | R14: bkk-aoeng
A15: 11 | B15: 44658 | C15: STHBKK012204000669 | D15: 59990 | E15: นาย นภวิถี พานิชประไพ | I15: 1450 | P15: 1450 | Q15: =SUM(F15+G15+H15+I15+J15+K15+L15+M15+N15+O15-P15) -> 0 | R15: bkk-aoeng
A16: 12 | B16: 44658 | C16: STHBKK012204000670 | D16: 69214 | E16: นาย SOUKCHALEUN BOUNYASITH | I16: 27000 | P16: 27000 | Q16: =SUM(F16+G16+H16+I16+J16+K16+L16+M16+N16+O16-P16) -> 0 | R16: PoonBKK
A17: 13 | B17: 44658 | C17: STHBKK012204000671 | D17: 45937 | E17: นาย วัชรชัย ขุนศรีรักษา | I17: 25000 | P17: 25000 | Q17: =SUM(F17+G17+H17+I17+J17+K17+L17+M17+N17+O17-P17) -> 0 | R17: PoonBKK
A18: 14 | B18: 44658 | C18: STHBKK012204000673 | D18: 62809 | E18: นางสาว วรารัตน์ ฤกษ์ศรี | I18: 5200 | P18: 5200 | Q18: =SUM(F18+G18+H18+I18+J18+K18+L18+M18+N18+O18-P18) -> 0 | R18: bkk-aoeng
A19: 15 | B19: 44658 | C19: STHBKK012204000674 | D19: 41915 | E19: นาย บุญเกิด พลรัตน์ | I19: 3750 | P19: 3750 | Q19: =SUM(F19+G19+H19+I19+J19+K19+L19+M19+N19+O19-P19) -> 0 | R19: PoonBKK
A20: 16 | B20: 44658 | C20: STHBKK012204000675 | D20: 53495 | E20: นางสาว ธนัญชนก อยู่ยงค์ | I20: 10000 | P20: 10000 | Q20: =SUM(F20+G20+H20+I20+J20+K20+L20+M20+N20+O20-P20) -> 0 | R20: PoonBKK
A21: 17 | B21: 44658 | C21: STHBKK012204000677 | D21: 69217 | E21: นาย สุรพล สงวนสิทธิ์ | I21: 300 | P21: 300 | Q21: =SUM(F21+G21+H21+I21+J21+K21+L21+M21+N21+O21-P21) -> 0 | R21: Katae BKK
A22: 18 | B22: 44658 | C22: STHBKK012204000678 | D22: 69217 | E22: นาย สุรพล สงวนสิทธิ์ | I22: 500 | P22: 500 | Q22: =SUM(F22+G22+H22+I22+J22+K22+L22+M22+N22+O22-P22) -> 0 | R22: Katae BKK
A23: 19 | B23: 44658 | C23: STHBKK012204000679 | D23: 67687 | E23: นางสาว วธิดา ไตรรัตน์ | I23: 625 | P23: 625 | Q23: =SUM(F23+G23+H23+I23+J23+K23+L23+M23+N23+O23-P23) -> 0 | R23: Katae BKK
A24: 20 | B24: 44658 | C24: STHBKK012204000680 | D24: 22332 | E24: นางสาว คณาง ไพรบึง | I24: 5150 | P24: 5150 | Q24: =SUM(F24+G24+H24+I24+J24+K24+L24+M24+N24+O24-P24) -> 0 | R24: Katae BKK
A25: 21 | B25: 44658 | C25: STHBKK012204000681 | D25: 51976 | E25: นาง วรัทยา จันทร์ชื่น | J25: 16250 | P25: 16250 | Q25: =SUM(F25+G25+H25+I25+J25+K25+L25+M25+N25+O25-P25) -> 0 | R25: bkk-aoeng
A26: 22 | B26: 44658 | C26: STHBKK012204000685 | D26: 61479 | E26: นางสาว วรวิมล ภูชฎาภิรมย์ | I26: 1250 | P26: 1250 | Q26: =SUM(F26+G26+H26+I26+J26+K26+L26+M26+N26+O26-P26) -> 0 | R26: Katae BKK
A27: 23 | B27: 44658 | C27: STHBKK012204000686 | D27: 61479 | E27: นางสาว วรวิมล ภูชฎาภิรมย์ | I27: 1000 | P27: 1000 | Q27: =SUM(F27+G27+H27+I27+J27+K27+L27+M27+N27+O27-P27) -> 0 | R27: Katae BKK
A28: 24 | B28: 44658 | C28: STHBKK012204000688 | D28: 48052 | E28: นาง นภาไพลิน กาละวันต์ | I28: 1400 | P28: 1400 | Q28: =SUM(F28+G28+H28+I28+J28+K28+L28+M28+N28+O28-P28) -> 0 | R28: PoonBKK
A29: 25 | B29: 44658 | C29: STHBKK012204000689 | D29: 45096 | E29: นาย วิเชษฐ สกุลหอม | I29: 5150 | P29: 5150 | Q29: =SUM(F29+G29+H29+I29+J29+K29+L29+M29+N29+O29-P29) -> 0 | R29: bkk-aoeng
A30: 26 | B30: 44658 | C30: STHBKK012204000691 | D30: 68041 | E30: นาย สมเกียรติ ครุฑจันทร์ | I30: 2650 | P30: 2650 | Q30: =SUM(F30+G30+H30+I30+J30+K30+L30+M30+N30+O30-P30) -> 0 | R30: Katae BKK
A31: 27 | B31: 44658 | C31: STHBKK012204000692 | D31: 21818 | E31: ห้างหุ้นส่วนจำกัด ไดม่อนอันดามัน เน็ตเวิร์ค (สำนักงานใหญ่) | I31: 1600 | P31: 1600 | Q31: =SUM(F31+G31+H31+I31+J31+K31+L31+M31+N31+O31-P31) -> 0 | R31: Katae BKK
A32: 28 | B32: 44658 | C32: STHBKK012204000693 | D32: 39286 | E32: นาย สุวิทย์ มั่นเขตวิทย์ | I32: 5000 | P32: 5000 | Q32: =SUM(F32+G32+H32+I32+J32+K32+L32+M32+N32+O32-P32) -> 0 | R32: Katae BKK
A33: 29 | B33: 44658 | C33: STHBKK012204000694 | D33: 39286 | E33: นาย สุวิทย์ มั่นเขตวิทย์ | I33: 1400 | P33: 1400 | Q33: =SUM(F33+G33+H33+I33+J33+K33+L33+M33+N33+O33-P33) -> 0 | R33: Katae BKK
A34: 30 | B34: 44658 | C34: STHBKK012204000695 | D34: 36769 | E34: นาย ยศพัทธิ์ ศรีอุทิศ | I34: 19200 | P34: 19200 | Q34: =SUM(F34+G34+H34+I34+J34+K34+L34+M34+N34+O34-P34) -> 0 | R34: PoonBKK
A35: 31 | B35: 44658 | C35: STHBKK012204000696 | D35: 53089 | E35: นาง ทิพวัลย์ วงษ์ธัญกรณ์ | I35: 5000 | P35: 5000 | Q35: =SUM(F35+G35+H35+I35+J35+K35+L35+M35+N35+O35-P35) -> 0 | R35: PoonBKK
A36: 32 | B36: 44658 | C36: STHBKK012204000697 | D36: 53043 | E36: นาง ทัศนีย์ ทองถาวรวงศ์ | I36: 5000 | P36: 5000 | Q36: =SUM(F36+G36+H36+I36+J36+K36+L36+M36+N36+O36-P36) -> 0 | R36: PoonBKK
A37: 33 | B37: 44658 | C37: STHBKK012204000698 | D37: 64740 | E37: นางสาว มนัสนันท์ อ่อนศิริ | J37: 2650 | P37: 2650 | Q37: =SUM(F37+G37+H37+I37+J37+K37+L37+M37+N37+O37-P37) -> 0 | R37: bkk-aoeng
A38: 34 | B38: 44658 | C38: STHBKK012204000699 | D38: 10320 | E38: บริษัท รีโวเด็ค จำกัด (สำนักงานใหญ่) | I38: 3500 | P38: 3500 | Q38: =SUM(F38+G38+H38+I38+J38+K38+L38+M38+N38+O38-P38) -> 0 | R38: Katae BKK
A39: 35 | B39: 44658 | C39: STHBKK012204000700 | D39: 48631 | E39: ดร. โนรี เต๊ะหละ | I39: 2100 | P39: 2100 | Q39: =SUM(F39+G39+H39+I39+J39+K39+L39+M39+N39+O39-P39) -> 0 | R39: bkk-aoeng
A40: 36 | B40: 44658 | C40: STHBKK012204000701 | D40: 52647 | E40: นางสาว เยาวดี สำเภา | I40: 2500 | P40: 2500 | Q40: =SUM(F40+G40+H40+I40+J40+K40+L40+M40+N40+O40-P40) -> 0 | R40: bkk-aoeng
A41: 37 | B41: 44658 | C41: STHBKK012204000702 | D41: 59103 | E41: นางสาว สุพรรณษา ไพศาล | I41: 4200 | P41: 4200 | Q41: =SUM(F41+G41+H41+I41+J41+K41+L41+M41+N41+O41-P41) -> 0 | R41: Katae BKK
A42: 38 | B42: 44658 | C42: STHBKK012204000703 | D42: 54226 | E42: นาง กาญจนา จันทรมณี | I42: 2650 | P42: 2650 | Q42: =SUM(F42+G42+H42+I42+J42+K42+L42+M42+N42+O42-P42) -> 0 | R42: PoonBKK
A43: 39 | B43: 44658 | C43: STHBKK012204000704 | D43: 44149 | E43: นางสาว วณัฐกมล วิไลลักษณ์ | I43: 93500 | P43: 93500 | Q43: =SUM(F43+G43+H43+I43+J43+K43+L43+M43+N43+O43-P43) -> 0 | R43: bkk-aoeng
A44: 40 | B44: 44658 | C44: STHBKK012204000705 | D44: 45096 | E44: นาย วิเชษฐ สกุลหอม | I44: 2500 | P44: 2500 | Q44: =SUM(F44+G44+H44+I44+J44+K44+L44+M44+N44+O44-P44) -> 0 | R44: bkk-aoeng
A45: 41 | B45: 44658 | C45: STHBKK012204000706 | D45: 54226 | E45: นาง กาญจนา จันทรมณี | I45: 2650 | P45: 2650 | Q45: =SUM(F45+G45+H45+I45+J45+K45+L45+M45+N45+O45-P45) -> 0 | R45: PoonBKK
A46: 42 | B46: 44658 | C46: STHBKK012204000707 | D46: 49270 | E46: นาง ณัฐรดา นมพุก | I46: 9375 | P46: 9375 | Q46: =SUM(F46+G46+H46+I46+J46+K46+L46+M46+N46+O46-P46) -> 0 | R46: bkk-aoeng
A47: 43 | B47: 44658 | C47: STHBKK012204000708 | D47: 52032 | E47: นางสาว กาญจนา จองเกียรติ์ | I47: 700 | P47: 700 | Q47: =SUM(F47+G47+H47+I47+J47+K47+L47+M47+N47+O47-P47) -> 0 | R47: PoonBKK
A48: 44 | B48: 44658 | C48: STHBKK012204000709 | D48: 48053 | E48: นาย ต้นสัก สุคนธรัตน์ | I48: 2700 | P48: 2700 | Q48: =SUM(F48+G48+H48+I48+J48+K48+L48+M48+N48+O48-P48) -> 0 | R48: PoonBKK
A49: 45 | B49: 44658 | C49: STHBKK012204000710 | D49: 53838 | E49: นางสาว สวรรยา คล้ายคลึง | J49: 27500 | P49: 27500 | Q49: =SUM(F49+G49+H49+I49+J49+K49+L49+M49+N49+O49-P49) -> 0 | R49: Katae BKK
A50: 46 | B50: 44658 | C50: STHBKK012204000711 | D50: 51939 | E50: บริษัท รินทร์รฐา กรุ๊ป จำกัด(สำนักงานใหญ่) | I50: 13900 | P50: 13900 | Q50: =SUM(F50+G50+H50+I50+J50+K50+L50+M50+N50+O50-P50) -> 0 | R50: PoonBKK
A51: 47 | B51: 44658 | C51: STHBKK012204000713 | D51: 67410 | E51: นาย ไช จอมมะนีวง | I51: 10000 | P51: 10000 | Q51: =SUM(F51+G51+H51+I51+J51+K51+L51+M51+N51+O51-P51) -> 0 | R51: bkk-aoeng
A52: 48 | B52: 44658 | C52: STHBKK012204000714 | D52: 19688 | E52: นางสาว สมคิด ยิ้มสาระ | J52: 10000 | P52: 10000 | Q52: =SUM(F52+G52+H52+I52+J52+K52+L52+M52+N52+O52-P52) -> 0 | R52: PoonBKK
A53: 49 | B53: 44658 | C53: STHBKK012204000715 | D53: 53717 | E53: นางสาว จุฑามาศ ด้วงฟู | J53: 12500 | P53: 12500 | Q53: =SUM(F53+G53+H53+I53+J53+K53+L53+M53+N53+O53-P53) -> 0 | R53: bkk-aoeng
A54: 50 | B54: 44658 | C54: STHBKK012204000716 | D54: 51051 | E54: นาย พรชัย คูสกุล | I54: 35000 | P54: 35000 | Q54: =SUM(F54+G54+H54+I54+J54+K54+L54+M54+N54+O54-P54) -> 0 | R54: Katae BKK
A55: 51 | B55: 44658 | C55: STHBKK012204000717 | D55: 55446 | E55: นาย ธนวรรธน์ ปราชญ์เรืองนนท์ | G55: 15200 | P55: 15200 | Q55: =SUM(F55+G55+H55+I55+J55+K55+L55+M55+N55+O55-P55) -> 0 | R55: bkk-aoeng
A56: 52 | B56: 44658 | C56: STHBKK012204000718 | D56: 64225 | E56: นาย ใหญ่ กลิ่นทิม | I56: 27000 | P56: 27000 | Q56: =SUM(F56+G56+H56+I56+J56+K56+L56+M56+N56+O56-P56) -> 0 | R56: PoonBKK
A57: 53 | B57: 44658 | C57: STHBKK012204000720 | D57: 58074 | E57: นาย สรวิชญ์ ทองหล่อ | I57: 2500 | P57: 2500 | Q57: =SUM(F57+G57+H57+I57+J57+K57+L57+M57+N57+O57-P57) -> 0 | R57: PoonBKK
A58: 54 | B58: 44658 | C58: STHBKK012204000722 | D58: 10271 | E58: ลำใย เจริญศิริ | G58: 6350 | P58: 6350 | Q58: =SUM(F58+G58+H58+I58+J58+K58+L58+M58+N58+O58-P58) -> 0 | R58: bkk-aoeng
A59: 55 | B59: 44658 | C59: STHBKK012204000723 | D59: 49825 | E59: นางสาว ยูรีนา เกษา | I59: 5200 | P59: 5200 | Q59: =SUM(F59+G59+H59+I59+J59+K59+L59+M59+N59+O59-P59) -> 0 | R59: Katae BKK
A60: 56 | B60: 44658 | C60: STHBKK012204000725 | D60: 10271 | E60: ลำใย เจริญศิริ | G60: 3600 | P60: 3600 | Q60: =SUM(F60+G60+H60+I60+J60+K60+L60+M60+N60+O60-P60) -> 0 | R60: bkk-aoeng
A61: 57 | B61: 44658 | C61: STHBKK012204000726 | D61: 59812 | E61: นาง สิริรักษ์ ผิวอ่อน | F61: 200 | P61: 200 | Q61: =SUM(F61+G61+H61+I61+J61+K61+L61+M61+N61+O61-P61) -> 0 | R61: PoonBKK
A62: 58 | B62: 44658 | C62: STHBKK012204000727 | D62: 48973 | E62: นาย สิริศักดิ์ นมพุก | I62: 6850 | P62: 6850 | Q62: =SUM(F62+G62+H62+I62+J62+K62+L62+M62+N62+O62-P62) -> 0 | R62: bkk-aoeng
A63: 59 | B63: 44658 | C63: STHBKK012204000728 | D63: 52396 | E63: นาง รัตนกร ไม้แดง | J63: 10000 | P63: 10000 | Q63: =SUM(F63+G63+H63+I63+J63+K63+L63+M63+N63+O63-P63) -> 0 | R63: Katae BKK
A64: 60 | B64: 44658 | C64: STHBKK012204000733 | D64: 36555 | E64: นางสาว พิมพ์มาดา เงางาม | J64: 8125 | P64: 8125 | Q64: =SUM(F64+G64+H64+I64+J64+K64+L64+M64+N64+O64-P64) -> 0 | R64: PoonBKK
A65: 61 | B65: 44658 | C65: STHBKK012204000734 | D65: 35245 | E65: ร้าน first beautiful | I65: 10200 | K65: 1200 | P65: 11400 | Q65: =SUM(F65+G65+H65+I65+J65+K65+L65+M65+N65+O65-P65) -> 0 | R65: Katae BKK
A66: 62 | B66: 44658 | C66: STHBKK012204000735 | D66: 52206 | E66: นาย ภูวกร บวรฉัตรชาตรี | I66: 2200 | P66: 2200 | Q66: =SUM(F66+G66+H66+I66+J66+K66+L66+M66+N66+O66-P66) -> 0 | R66: Katae BKK
A67: 63 | B67: 44658 | C67: STHBKK012204000736 | D67: 58978 | E67: นางสาว นลพรรณ นอบน้อม | I67: 350 | P67: 350 | Q67: =SUM(F67+G67+H67+I67+J67+K67+L67+M67+N67+O67-P67) -> 0 | R67: Katae BKK
A68: 64 | B68: 44658 | C68: STHBKK012204000737 | D68: 64663 | E68: นาง เสาวนีย์ บางศิริ | J68: 8750 | P68: 8750 | Q68: =SUM(F68+G68+H68+I68+J68+K68+L68+M68+N68+O68-P68) -> 0 | R68: PoonBKK
A69: 65 | B69: 44658 | C69: STHBKK012204000738 | D69: 55992 | E69: นาย จักรพงศ์ เพชรเหลี่ยม | I69: 3750 | P69: 3750 | Q69: =SUM(F69+G69+H69+I69+J69+K69+L69+M69+N69+O69-P69) -> 0 | R69: Katae BKK
A70: 66 | B70: 44658 | C70: STHBKK012204000739 | D70: 54749 | E70: นาย สุชาติ ใจเที่ยงธรรม | I70: 2650 | P70: 2650 | Q70: =SUM(F70+G70+H70+I70+J70+K70+L70+M70+N70+O70-P70) -> 0 | R70: PoonBKK
A71: 67 | B71: 44658 | C71: STHBKK012204000740 | D71: 50616 | E71: นางสาว แก้วเพียงขวัญ จันทรพงศ์ | J71: 350 | P71: 350 | Q71: =SUM(F71+G71+H71+I71+J71+K71+L71+M71+N71+O71-P71) -> 0 | R71: PoonBKK
A72: 68 | B72: 44658 | C72: STHBKK012204000741 | D72: 50474 | E72: นาย ณัฐพล ศรีทอง | I72: 800 | P72: 800 | Q72: =SUM(F72+G72+H72+I72+J72+K72+L72+M72+N72+O72-P72) -> 0 | R72: bkk-aoeng
A73: 69 | B73: 44658 | C73: STHBKK012204000742 | D73: 45227 | E73: นางสาว ประภัสสร ดีดวงพันธ์ | I73: 350 | P73: 350 | Q73: =SUM(F73+G73+H73+I73+J73+K73+L73+M73+N73+O73-P73) -> 0 | R73: bkk-aoeng
A74: 70 | B74: 44658 | C74: STHBKK012204000743 | D74: 50593 | E74: บริษัท วี.เอ็น.ซี.สกินแคร์ จำกัด ( สำนักงานใหญ่ ) | I74: 25200 | P74: 25200 | Q74: =SUM(F74+G74+H74+I74+J74+K74+L74+M74+N74+O74-P74) -> 0 | R74: PoonBKK
A75: 71 | B75: 44658 | C75: STHBKK012204000745 | D75: 53455 | E75: นาง ฑณัฐพรณ์ สวัสดิวงศ์ | J75: 5000 | P75: 5000 | Q75: =SUM(F75+G75+H75+I75+J75+K75+L75+M75+N75+O75-P75) -> 0 | R75: bkk-aoeng
A76: 72 | B76: 44658 | C76: STHBKK012204000746 | D76: 53455 | E76: นาง ฑณัฐพรณ์ สวัสดิวงศ์ | J76: 5000 | P76: 5000 | Q76: =SUM(F76+G76+H76+I76+J76+K76+L76+M76+N76+O76-P76) -> 0 | R76: bkk-aoeng
A77: 73 | B77: 44658 | C77: STHBKK012204000748 | D77: 58257 | E77: นาย สมชาย โสภา | F77: 1450 | P77: 1450 | Q77: =SUM(F77+G77+H77+I77+J77+K77+L77+M77+N77+O77-P77) -> 0 | R77: PoonBKK
A78: 74 | B78: 44658 | C78: STHBKK012204000749 | D78: 58257 | E78: นาย สมชาย โสภา | F78: 3600 | P78: 3600 | Q78: =SUM(F78+G78+H78+I78+J78+K78+L78+M78+N78+O78-P78) -> 0 | R78: PoonBKK
A79: 75 | B79: 44658 | C79: STHBKK012204000750 | D79: 58633 | E79: นาง นงนุช โสภา | F79: 3600 | P79: 3600 | Q79: =SUM(F79+G79+H79+I79+J79+K79+L79+M79+N79+O79-P79) -> 0 | R79: PoonBKK
A80: 76 | B80: 44658 | C80: STHBKK012204000752 | D80: 66104 | E80: นางสาว อรุณ โสภา | F80: 4500 | P80: 4500 | Q80: =SUM(F80+G80+H80+I80+J80+K80+L80+M80+N80+O80-P80) -> 0 | R80: PoonBKK
A81: 77 | B81: 44658 | C81: STHBKK012204000753 | D81: 58615 | E81: นาย พิชิต สุภาพรูป | F81: 3600 | P81: 3600 | Q81: =SUM(F81+G81+H81+I81+J81+K81+L81+M81+N81+O81-P81) -> 0 | R81: PoonBKK
A82: 78 | B82: 44658 | C82: STHBKK012204000755 | D82: 39317 | E82: นาง เต็มลักษณ์ ยวงลำใย | J82: 11250 | P82: 11250 | Q82: =SUM(F82+G82+H82+I82+J82+K82+L82+M82+N82+O82-P82) -> 0 | R82: bkk-aoeng
A83: 79 | B83: 44658 | C83: STHBKK012204000756 | D83: 69227 | E83: นาย สายันต์ สุมลทา | J83: 300 | P83: 300 | Q83: =SUM(F83+G83+H83+I83+J83+K83+L83+M83+N83+O83-P83) -> 0 | R83: Katae BKK
A84: 80 | B84: 44658 | C84: STHBKK012204000757 | D84: 42071 | E84: โสภิต เกลี้ยงประไพ | J84: 1875 | P84: 1875 | Q84: =SUM(F84+G84+H84+I84+J84+K84+L84+M84+N84+O84-P84) -> 0 | R84: bkk-aoeng
A85: 81 | B85: 44658 | C85: STHBKK012204000758 | D85: 54454 | E85: นาย อุทัย ศิริเลิศ | J85: 12500 | P85: 12500 | Q85: =SUM(F85+G85+H85+I85+J85+K85+L85+M85+N85+O85-P85) -> 0 | R85: bkk-aoeng
A86: 82 | B86: 44658 | C86: STHBKK012204000759 | D86: 51512 | E86: นาย ดิลก แผ่ทอง | J86: 9800 | P86: 9800 | Q86: =SUM(F86+G86+H86+I86+J86+K86+L86+M86+N86+O86-P86) -> 0 | R86: bkk-aoeng
A87: 83 | B87: 44658 | C87: STHBKK012204000760 | D87: 51069 | E87: นาย วีรกร พงษ์วัน | I87: 7500 | P87: 7500 | Q87: =SUM(F87+G87+H87+I87+J87+K87+L87+M87+N87+O87-P87) -> 0 | R87: PoonBKK
A88: 84 | B88: 44658 | C88: STHBKK012204000762 | D88: 10006 | E88: บริษัท ดีเวย์ ริชคอร์ป จำกัด(สำนักงานใหญ่) | I88: 3050 | P88: 3050 | Q88: =SUM(F88+G88+H88+I88+J88+K88+L88+M88+N88+O88-P88) -> 0 | R88: Katae BKK
A89: 85 | B89: 44658 | C89: STHBKK012204000763 | D89: 36983 | E89: นาง ประชุม แกล้วกสิวิทย์ | I89: 10000 | P89: 10000 | Q89: =SUM(F89+G89+H89+I89+J89+K89+L89+M89+N89+O89-P89) -> 0 | R89: PoonBKK
A90: 86 | B90: 44658 | C90: STHBKK012204000764 | D90: 30855 | E90: นาย เจษฎา ทับทิม | J90: 15000 | P90: 15000 | Q90: =SUM(F90+G90+H90+I90+J90+K90+L90+M90+N90+O90-P90) -> 0 | R90: PoonBKK
A91: 87 | B91: 44658 | C91: STHBKK012204000765 | D91: 22341 | E91: มัลลิกา พลรัตน์ | I91: 5350 | P91: 5350 | Q91: =SUM(F91+G91+H91+I91+J91+K91+L91+M91+N91+O91-P91) -> 0 | R91: Katae BKK
A92: 88 | B92: 44658 | C92: STHBKK012204000766 | D92: 51876 | E92: นางสาว จิราภรณ์ เขาทอง | I92: 30000 | P92: 30000 | Q92: =SUM(F92+G92+H92+I92+J92+K92+L92+M92+N92+O92-P92) -> 0 | R92: bkk-aoeng
A93: 89 | B93: 44658 | C93: STHBKK012204000767 | D93: 10320 | E93: บริษัท รีโวเด็ค จำกัด (สำนักงานใหญ่) | I93: 350 | P93: 350 | Q93: =SUM(F93+G93+H93+I93+J93+K93+L93+M93+N93+O93-P93) -> 0 | R93: PoonBKK
A94: 90 | B94: 44658 | C94: STHBKK012204000768 | D94: 53144 | E94: นางสาว สิริวิมล แม้วพ่วง | I94: 4350 | P94: 4350 | Q94: =SUM(F94+G94+H94+I94+J94+K94+L94+M94+N94+O94-P94) -> 0 | R94: PoonBKK
A95: 91 | B95: 44658 | C95: STHBKK012204000769 | D95: 63204 | E95: นางสาว NAN SOE MYAT THU ZAR | I95: 8000 | P95: 8000 | Q95: =SUM(F95+G95+H95+I95+J95+K95+L95+M95+N95+O95-P95) -> 0 | R95: bkk-aoeng
A96: 92 | B96: 44658 | C96: STHBKK012204000770 | D96: 53283 | E96: นางสาว กนกวรรณ โต๊ะดี | I96: 8700 | P96: 8700 | Q96: =SUM(F96+G96+H96+I96+J96+K96+L96+M96+N96+O96-P96) -> 0 | R96: PoonBKK
A97: 93 | B97: 44658 | C97: STHBKK012204000773 | D97: 51970 | E97: นาย ธราดล ทองประกอบ | J97: 5150 | P97: 5150 | Q97: =SUM(F97+G97+H97+I97+J97+K97+L97+M97+N97+O97-P97) -> 0 | R97: Katae BKK
A98: 94 | B98: 44658 | C98: STHBKK012204000776 | D98: 29489 | E98: นางสาว ณัฐชานิศร์ ทองสุขสุพัชร์ | J98: 27300 | P98: 27300 | Q98: =SUM(F98+G98+H98+I98+J98+K98+L98+M98+N98+O98-P98) -> 0 | R98: PoonBKK
A99: 95 | B99: 44658 | C99: STHBKK012204000777 | D99: 51512 | E99: นาย ดิลก แผ่ทอง | J99: 5000 | P99: 5000 | Q99: =SUM(F99+G99+H99+I99+J99+K99+L99+M99+N99+O99-P99) -> 0 | R99: bkk-aoeng
A100: 96 | B100: 44658 | C100: STHBKK012204000778 | D100: 68157 | E100: นาง สุรินทร์ คุ้มวงษ์ | J100: 3600 | P100: 3600 | Q100: =SUM(F100+G100+H100+I100+J100+K100+L100+M100+N100+O100-P100) -> 0 | R100: bkk-aoeng
...

Sheet 8.04.65
A1: DAILY SALE 8 APRIL 2022
A2: NO | B2: วันที่ | C2: เลขออเดอร์ | D2: รหัส | E2: Name | F2: Payment | R2: CS ผู้คีย์บิล
F3: Cash | G3: Credit Card | I3: Tranfer Money | K3: E-WALLET | L3: Paypal | M3: qr paymet | N3: หักคอม | O3: ARP | P3: ยอดในระบบ | Q3: ผลต่าง
G4: Front Office | H4: Online | I4: KBANK | J4: KTB
A5: 1 | B5: 44658 | C5: STHBKK012204000855 | D5: 17778 | E5: นางสาว ชนัญกันย์ แพร่พิพัฒน์ | G5: 5000 | P5: 5000 | Q5: =SUM(F5+G5+H5+I5+J5+K5+L5+M5+N5+O5-P5) -> 0 | R5: PoonBKK
A6: 2 | B6: 44658 | C6: STHBKK012204000856 | D6: 17778 | E6: นางสาว ชนัญกันย์ แพร่พิพัฒน์ | F6: 1450 | P6: 1450 | Q6: =SUM(F6+G6+H6+I6+J6+K6+L6+M6+N6+O6-P6) -> 0 | R6: PoonBKK
A7: 3 | B7: 44658 | C7: STHBKK012204000857 | D7: 20541 | E7: นาย พุฒิพัฒน์ รัตนพิริยสกุล | F7: 400 | P7: 400 | Q7: =SUM(F7+G7+H7+I7+J7+K7+L7+M7+N7+O7-P7) -> 0 | R7: PoonBKK
A8: 4 | B8: 44658 | C8: STHBKK012204000858 | D8: 52083 | E8: บริษัท ศรีทวีรุ่งโรจน์ จำกัด(สำนักงานใหญ่) | I8: 0 | P8: 65500 | Q8: =SUM(F8+G8+H8+I8+J8+K8+L8+M8+N8+O8-P8) -> -65500 | R8: Katae BKK
A9: 5 | B9: 44658 | C9: STHBKK012204000859 | D9: 20541 | E9: นาย พุฒิพัฒน์ รัตนพิริยสกุล | F9: 150 | P9: 150 | Q9: =SUM(F9+G9+H9+I9+J9+K9+L9+M9+N9+O9-P9) -> 0 | R9: Katae BKK
A10: 6 | B10: 44658 | C10: STHBKK012204000860 | D10: 51512 | E10: นาย ดิลก แผ่ทอง | J10: 9800 | P10: 9800 | Q10: =SUM(F10+G10+H10+I10+J10+K10+L10+M10+N10+O10-P10) -> 0 | R10: bkk-aoeng
A11: 7 | B11: 44658 | C11: STHBKK012204000862 | D11: 48631 | E11: ดร. โนรี เต๊ะหละ | I11: 15000 | P11: 15000 | Q11: =SUM(F11+G11+H11+I11+J11+K11+L11+M11+N11+O11-P11) -> 0 | R11: lFrAmEl
A12: 8 | B12: 44658 | C12: STHBKK012204000863 | D12: 48053 | E12: นาย ต้นสัก สุคนธรัตน์ | I12: 2700 | P12: 2700 | Q12: =SUM(F12+G12+H12+I12+J12+K12+L12+M12+N12+O12-P12) -> 0 | R12: lFrAmEl
A13: 9 | B13: 44659 | C13: STHBKK012204000866 | D13: 53249 | E13: ห้างหุ้นส่วนจำกัด ปูแดงพารวย ( สำนักงานใหญ่) | I13: 7500 | P13: 7500 | Q13: =SUM(F13+G13+H13+I13+J13+K13+L13+M13+N13+O13-P13) -> 0 | R13: bkk-aoeng
A14: 10 | B14: 44659 | C14: STHBKK012204000867 | D14: 53249 | E14: ห้างหุ้นส่วนจำกัด ปูแดงพารวย ( สำนักงานใหญ่) | F14: 200 | P14: 200 | Q14: =SUM(F14+G14+H14+I14+J14+K14+L14+M14+N14+O14-P14) -> 0 | R14: bkk-aoeng
A15: 11 | B15: 44659 | C15: STHBKK012204000868 | D15: 69190 | E15: นางสาว ลัดดาวรรณ์ จันทร์นวล | I15: 300 | P15: 300 | Q15: =SUM(F15+G15+H15+I15+J15+K15+L15+M15+N15+O15-P15) -> 0 | R15: PoonBKK
A16: 12 | B16: 44659 | C16: STHBKK012204000869 | D16: 69193 | E16: นางสาว พิมพ์ลภัส ยงหนู | I16: 300 | P16: 300 | Q16: =SUM(F16+G16+H16+I16+J16+K16+L16+M16+N16+O16-P16) -> 0 | R16: PoonBKK
A17: 13 | B17: 44659 | C17: STHBKK012204000871 | D17: 46927 | E17: นาย พิสิฐพงษ์ ยอดจันทร์ | I17: 6400 | P17: 6400 | Q17: =SUM(F17+G17+H17+I17+J17+K17+L17+M17+N17+O17-P17) -> 0 | R17: BKK-Neng
A18: 14 | B18: 44659 | C18: STHBKK012204000873 | D18: 46927 | E18: นาย พิสิฐพงษ์ ยอดจันทร์ | I18: 400 | P18: 400 | Q18: =SUM(F18+G18+H18+I18+J18+K18+L18+M18+N18+O18-P18) -> 0 | R18: BKK-Neng
A19: 15 | B19: 44659 | C19: STHBKK012204000874 | D19: 35227 | E19: นาย พีรพงศ์ ภรประเสริฐศรี | G19: 10000 | P19: 10000 | Q19: =SUM(F19+G19+H19+I19+J19+K19+L19+M19+N19+O19-P19) -> 0 | R19: PoonBKK
A20: 16 | B20: 44659 | C20: STHBKK012204000876 | D20: 49677 | E20: นาย ชาลี ดีฤสานต์ | J20: 15000 | P20: 15000 | Q20: =SUM(F20+G20+H20+I20+J20+K20+L20+M20+N20+O20-P20) -> 0 | R20: PoonBKK
A21: 17 | B21: 44659 | C21: STHBKK012204000877 | D21: 61479 | E21: นางสาว วรวิมล ภูชฎาภิรมย์ | I21: 1050 | P21: 1050 | Q21: =SUM(F21+G21+H21+I21+J21+K21+L21+M21+N21+O21-P21) -> 0 | R21: PoonBKK
A22: 18 | B22: 44659 | C22: STHBKK012204000878 | D22: 13781 | E22: นาย สุรวัฒน์ ตั้งพงศ์ศิรประภา | I22: 15000 | P22: 15000 | Q22: =SUM(F22+G22+H22+I22+J22+K22+L22+M22+N22+O22-P22) -> 0 | R22: PoonBKK
A23: 19 | B23: 44659 | C23: STHBKK012204000879 | D23: 13781 | E23: นาย สุรวัฒน์ ตั้งพงศ์ศิรประภา | I23: 10000 | P23: 10000 | Q23: =SUM(F23+G23+H23+I23+J23+K23+L23+M23+N23+O23-P23) -> 0 | R23: PoonBKK
A24: 20 | B24: 44659 | C24: STHBKK012204000880 | D24: 10320 | E24: บริษัท รีโวเด็ค จำกัด (สำนักงานใหญ่) | I24: 10000 | P24: 10000 | Q24: =SUM(F24+G24+H24+I24+J24+K24+L24+M24+N24+O24-P24) -> 0 | R24: PoonBKK
A25: 21 | B25: 44659 | C25: STHBKK012204000882 | D25: 69247 | E25: นางสาว ณัฐรดา รัตนากรรติกุล | I25: 27000 | P25: 27000 | Q25: =SUM(F25+G25+H25+I25+J25+K25+L25+M25+N25+O25-P25) -> 0 | R25: bkk-aoeng
A26: 22 | B26: 44659 | C26: STHBKK012204000883 | D26: 66961 | E26: นาย ถนอม ยาตรา | I26: 500 | P26: 500 | Q26: =SUM(F26+G26+H26+I26+J26+K26+L26+M26+N26+O26-P26) -> 0 | R26: PoonBKK
A27: 23 | B27: 44659 | C27: STHBKK012204000884 | D27: 21821 | E27: ห้างหุ้นส่วนจำกัด เครือข่ายปิยธนา ( สำนักงานใหญ่ ) | I27: 4500 | P27: 4500 | Q27: =SUM(F27+G27+H27+I27+J27+K27+L27+M27+N27+O27-P27) -> 0 | R27: PoonBKK
A28: 24 | B28: 44659 | C28: STHBKK012204000886 | D28: 24751 | E28: นาย ณัฐพนธ์ แพร่พิพัฒน์ | I28: 450 | P28: 450 | Q28: =SUM(F28+G28+H28+I28+J28+K28+L28+M28+N28+O28-P28) -> 0 | R28: bkk-aoeng
A29: 25 | B29: 44659 | C29: STHBKK012204000888 | D29: 22280 | E29: นาย พีระพงศ์ สิงหพล | I29: 5990 | P29: 5990 | Q29: =SUM(F29+G29+H29+I29+J29+K29+L29+M29+N29+O29-P29) -> 0 | R29: bkk-aoeng
A30: 26 | B30: 44659 | C30: STHBKK012204000891 | D30: 69250 | E30: นางสาว ณวรัณ เจียมเงิน | I30: 27000 | P30: 27000 | Q30: =SUM(F30+G30+H30+I30+J30+K30+L30+M30+N30+O30-P30) -> 0 | R30: PoonBKK
A31: 27 | B31: 44659 | C31: STHBKK012204000893 | D31: 54559 | E31: นางสาว รสริน ขอเอื้อนกลาง | I31: 15000 | P31: 15000 | Q31: =SUM(F31+G31+H31+I31+J31+K31+L31+M31+N31+O31-P31) -> 0 | R31: bkk-aoeng
A32: 28 | B32: 44659 | C32: STHBKK012204000898 | D32: 47179 | E32: บริษัท ต้องรวย จำกัด ( สำนักงานใหญ่ ) | I32: 1050 | P32: 1050 | Q32: =SUM(F32+G32+H32+I32+J32+K32+L32+M32+N32+O32-P32) -> 0 | R32: PoonBKK
A33: 29 | B33: 44659 | C33: STHBKK012204000899 | D33: 50222 | E33: บริษัท หลานหยิน จำกัด ( สำนักงานใหญ่ ) | I33: 700 | P33: 700 | Q33: =SUM(F33+G33+H33+I33+J33+K33+L33+M33+N33+O33-P33) -> 0 | R33: PoonBKK
A34: 30 | B34: 44659 | C34: STHBKK012204000900 | D34: 26040 | E34: นางสาว เพลิน รายสันเทียะ | J34: 5000 | P34: 5000 | Q34: =SUM(F34+G34+H34+I34+J34+K34+L34+M34+N34+O34-P34) -> 0 | R34: PoonBKK
A35: 31 | B35: 44659 | C35: STHBKK012204000901 | D35: 26040 | E35: นางสาว เพลิน รายสันเทียะ | J35: 5000 | P35: 5000 | Q35: =SUM(F35+G35+H35+I35+J35+K35+L35+M35+N35+O35-P35) -> 0 | R35: PoonBKK
A36: 32 | B36: 44659 | C36: STHBKK012204000904 | D36: 27066 | E36: นาย ชลธี จันทโคตร | I36: 10600 | P36: 10600 | Q36: =SUM(F36+G36+H36+I36+J36+K36+L36+M36+N36+O36-P36) -> 0 | R36: PoonBKK
A37: 33 | B37: 44659 | C37: STHBKK012204000905 | D37: 46778 | E37: นาย ปรีชา แก้วโกถม | J37: 9300 | P37: 9300 | Q37: =SUM(F37+G37+H37+I37+J37+K37+L37+M37+N37+O37-P37) -> 0 | R37: PoonBKK
A38: 34 | B38: 44659 | C38: STHBKK012204000907 | D38: 60282 | E38: นาง ณฐมน เสมือนคิด | J38: 1250 | P38: 1250 | Q38: =SUM(F38+G38+H38+I38+J38+K38+L38+M38+N38+O38-P38) -> 0 | R38: bkk-aoeng
A39: 35 | B39: 44659 | C39: STHBKK012204000908 | D39: 57499 | E39: นาย ทนงศักดิ์ รัตนบุรี | I39: 5000 | P39: 5000 | Q39: =SUM(F39+G39+H39+I39+J39+K39+L39+M39+N39+O39-P39) -> 0 | R39: BKK-Neng
A40: 36 | B40: 44659 | C40: STHBKK012204000909 | D40: 48052 | E40: นาง นภาไพลิน กาละวันต์ | I40: 2700 | P40: 2700 | Q40: =SUM(F40+G40+H40+I40+J40+K40+L40+M40+N40+O40-P40) -> 0 | R40: bkk-aoeng
A41: 37 | B41: 44659 | C41: STHBKK012204000910 | D41: 55992 | E41: นาย จักรพงศ์ เพชรเหลี่ยม | I41: 2500 | P41: 2500 | Q41: =SUM(F41+G41+H41+I41+J41+K41+L41+M41+N41+O41-P41) -> 0 | R41: bkk-aoeng
A42: 38 | B42: 44659 | C42: STHBKK012204000912 | D42: 61856 | E42: นาย อมร ประจักษ์จิตร | I42: 10150 | P42: 10150 | Q42: =SUM(F42+G42+H42+I42+J42+K42+L42+M42+N42+O42-P42) -> 0 | R42: bkk-aoeng
A43: 39 | B43: 44659 | C43: STHBKK012204000915 | D43: 60648 | E43: นางสาว นุช สอนจิตร์ | I43: 300 | P43: 300 | Q43: =SUM(F43+G43+H43+I43+J43+K43+L43+M43+N43+O43-P43) -> 0 | R43: PoonBKK
A44: 40 | B44: 44659 | C44: STHBKK012204000916 | D44: 51697 | E44: นาง ภัทรพิดา อุ่นโสดา | I44: 5000 | J44: 7500 | P44: 12500 | Q44: =SUM(F44+G44+H44+I44+J44+K44+L44+M44+N44+O44-P44) -> 0 | R44: PoonBKK
A45: 41 | B45: 44659 | C45: STHBKK012204000917 | D45: 62146 | E45: นางสาว พิกุล กลิ่นฟุ้ง | I45: 2750 | P45: 2750 | Q45: =SUM(F45+G45+H45+I45+J45+K45+L45+M45+N45+O45-P45) -> 0 | R45: bkk-aoeng
A46: 42 | B46: 44659 | C46: STHBKK012204000918 | D46: 51876 | E46: นางสาว จิราภรณ์ เขาทอง | I46: 40400 | P46: 40400 | Q46: =SUM(F46+G46+H46+I46+J46+K46+L46+M46+N46+O46-P46) -> 0 | R46: PoonBKK
A47: 43 | B47: 44659 | C47: STHBKK012204000919 | D47: 48410 | E47: นาย นาย ธนาธิป ไชยธงรัตน์ | I47: 2850 | P47: 2850 | Q47: =SUM(F47+G47+H47+I47+J47+K47+L47+M47+N47+O47-P47) -> 0 | R47: bkk-aoeng
A48: 44 | B48: 44659 | C48: STHBKK012204000920 | D48: 53283 | E48: นางสาว กนกวรรณ โต๊ะดี | I48: 6950 | P48: 6950 | Q48: =SUM(F48+G48+H48+I48+J48+K48+L48+M48+N48+O48-P48) -> 0 | R48: PoonBKK
A49: 45 | B49: 44659 | C49: STHBKK012204000921 | D49: 66774 | E49: นาย ศุภลักษณ์ สิมหะชาติ | J49: 2850 | P49: 2850 | Q49: =SUM(F49+G49+H49+I49+J49+K49+L49+M49+N49+O49-P49) -> 0 | R49: PoonBKK
A50: 46 | B50: 44659 | C50: STHBKK012204000923 | D50: 69254 | E50: นางสาว พรลดา ภักดิ์ขุนทด | I50: 27000 | P50: 27000 | Q50: =SUM(F50+G50+H50+I50+J50+K50+L50+M50+N50+O50-P50) -> 0 | R50: PoonBKK
A51: 47 | B51: 44659 | C51: STHBKK012204000924 | D51: 67410 | E51: นาย ไช จอมมะนีวง | I51: 10000 | P51: 10000 | Q51: =SUM(F51+G51+H51+I51+J51+K51+L51+M51+N51+O51-P51) -> 0 | R51: bkk-aoeng
A52: 48 | B52: 44659 | C52: STHBKK012204000925 | D52: 69254 | E52: นางสาว พรลดา ภักดิ์ขุนทด | I52: 23400 | P52: 23400 | Q52: =SUM(F52+G52+H52+I52+J52+K52+L52+M52+N52+O52-P52) -> 0 | R52: PoonBKK
A53: 49 | B53: 44659 | C53: STHBKK012204000926 | D53: 51939 | E53: บริษัท รินทร์รฐา กรุ๊ป จำกัด(สำนักงานใหญ่) | I53: 11950 | P53: 11950 | Q53: =SUM(F53+G53+H53+I53+J53+K53+L53+M53+N53+O53-P53) -> 0 | R53: bkk-aoeng
A54: 50 | B54: 44659 | C54: STHBKK012204000927 | D54: 48052 | E54: นาง นภาไพลิน กาละวันต์ | I54: 2500 | P54: 2500 | Q54: =SUM(F54+G54+H54+I54+J54+K54+L54+M54+N54+O54-P54) -> 0 | R54: lFrAmEl
A55: 51 | B55: 44659 | C55: STHBKK012204000928 | D55: 51782 | E55: นาย สุวิทย์ รองชูเพ็ง | J55: 1250 | P55: 1250 | Q55: =SUM(F55+G55+H55+I55+J55+K55+L55+M55+N55+O55-P55) -> 0 | R55: lFrAmEl
A56: 52 | B56: 44659 | C56: STHBKK012204000929 | D56: 69201 | E56: นาง พชรพรรณ วังคะฮาด | G56: 27000 | P56: 27000 | Q56: =SUM(F56+G56+H56+I56+J56+K56+L56+M56+N56+O56-P56) -> 0 | R56: bkk-aoeng
A57: 53 | B57: 44659 | C57: STHBKK012204000930 | D57: 56775 | E57: นางสาว พินทุสร ศรีวรมย์ | I57: 1400 | P57: 1400 | Q57: =SUM(F57+G57+H57+I57+J57+K57+L57+M57+N57+O57-P57) -> 0 | R57: BKK-Neng
A58: 54 | B58: 44659 | C58: STHBKK012204000931 | D58: 52206 | E58: นาย ภูวกร บวรฉัตรชาตรี | I58: 1400 | P58: 1400 | Q58: =SUM(F58+G58+H58+I58+J58+K58+L58+M58+N58+O58-P58) -> 0 | R58: PoonBKK
A59: 55 | B59: 44659 | C59: STHBKK012204000932 | D59: 31738 | E59: นางสาว กุลนาถ ไตรทัตธนากร | K59: 350 | P59: 350 | Q59: =SUM(F59+G59+H59+I59+J59+K59+L59+M59+N59+O59-P59) -> 0 | R59: lFrAmEl
A60: 56 | B60: 44659 | C60: STHBKK012204000933 | D60: 22341 | E60: มัลลิกา พลรัตน์ | I60: 900 | P60: 900 | Q60: =SUM(F60+G60+H60+I60+J60+K60+L60+M60+N60+O60-P60) -> 0 | R60: BKK-Neng
A61: 57 | B61: 44659 | C61: STHBKK012204000934 | D61: 61256 | E61: นางสาว พีระญา พูลวงษ์ นาย กมล แจ่มสุริยา | I61: 5000 | P61: 5000 | Q61: =SUM(F61+G61+H61+I61+J61+K61+L61+M61+N61+O61-P61) -> 0 | R61: PoonBKK
A62: 58 | B62: 44659 | C62: STHBKK012204000935 | D62: 51946 | E62: นาง สีแพร มังกรแก้ว | I62: 5000 | P62: 5000 | Q62: =SUM(F62+G62+H62+I62+J62+K62+L62+M62+N62+O62-P62) -> 0 | R62: PoonBKK
A63: 59 | B63: 44659 | C63: STHBKK012204000936 | D63: 10744 | E63: นาย สหชัย ม่วงกล่ำ | I63: 17700 | P63: 17700 | Q63: =SUM(F63+G63+H63+I63+J63+K63+L63+M63+N63+O63-P63) -> 0 | R63: lFrAmEl
A64: 60 | B64: 44659 | C64: STHBKK012204000937 | D64: 63028 | E64: วชิรญาณ์ จาดมี | I64: 31200 | P64: 31200 | Q64: =SUM(F64+G64+H64+I64+J64+K64+L64+M64+N64+O64-P64) -> 0 | R64: PoonBKK
A65: 61 | B65: 44659 | C65: STHBKK012204000939 | D65: 22332 | E65: นางสาว คณาง ไพรบึง | I65: 2650 | P65: 2650 | Q65: =SUM(F65+G65+H65+I65+J65+K65+L65+M65+N65+O65-P65) -> 0 | R65: PoonBKK
A66: 62 | B66: 44659 | C66: STHBKK012204000940 | D66: 36769 | E66: นาย ยศพัทธิ์ ศรีอุทิศ | I66: 2650 | P66: 2650 | Q66: =SUM(F66+G66+H66+I66+J66+K66+L66+M66+N66+O66-P66) -> 0 | R66: lFrAmEl
A67: 63 | B67: 44659 | C67: STHBKK012204000941 | D67: 22341 | E67: มัลลิกา พลรัตน์ | I67: 57400 | P67: 57400 | Q67: =SUM(F67+G67+H67+I67+J67+K67+L67+M67+N67+O67-P67) -> 0 | R67: BKK-Neng
A68: 64 | B68: 44659 | C68: STHBKK012204000942 | D68: 64740 | E68: นางสาว มนัสนันท์ อ่อนศิริ | I68: 8750 | P68: 8750 | Q68: =SUM(F68+G68+H68+I68+J68+K68+L68+M68+N68+O68-P68) -> 0 | R68: bkk-aoeng
A69: 65 | B69: 44659 | C69: STHBKK012204000944 | D69: 60724 | E69: นางสาว ปฐมรัตน์ บริบูรณ์บันเทิง | I69: 25000 | P69: 25000 | Q69: =SUM(F69+G69+H69+I69+J69+K69+L69+M69+N69+O69-P69) -> 0 | R69: lFrAmEl
A70: 66 | B70: 44659 | C70: STHBKK012204000945 | D70: 30894 | E70: นาง นารินี กมลสุวรรณ | I70: 9800 | P70: 9800 | Q70: =SUM(F70+G70+H70+I70+J70+K70+L70+M70+N70+O70-P70) -> 0 | R70: bkk-aoeng
A71: 67 | B71: 44659 | C71: STHBKK012204000946 | D71: 55992 | E71: นาย จักรพงศ์ เพชรเหลี่ยม | I71: 2500 | P71: 2500 | Q71: =SUM(F71+G71+H71+I71+J71+K71+L71+M71+N71+O71-P71) -> 0 | R71: lFrAmEl
... A77: 73 | B77: 44659 | C77: STHBKK012204000955 | D77: 30248 | E77: นางสาว ยุพิน กรลำ | I77: 10000 | P77: 10000 | Q77: =SUM(F77+G77+H77+I77+J77+K77+L77+M77+N77+O77-P77) -> 0 | R77: lFrAmEl
A78: 74 | B78: 44659 | C78: STHBKK012204000956 | D78: 50613 | E78: นางสาว นฤมล พุ่มแสง | J78: 5150 | P78: 5150 | Q78: =SUM(F78+G78+H78+I78+J78+K78+L78+M78+N78+O78-P78) -> 0 | R78: bkk-aoeng
A79: 75 | B79: 44659 | C79: STHBKK012204000957 | D79: 54763 | E79: นาย บูชาติ หาดสร้อย + นาง ลัดดา หาดสร้อย | F79: 85 | I79: 1400 | P79: 1485 | Q79: =SUM(F79+G79+H79+I79+J79+K79+L79+M79+N79+O79-P79) -> 0 | R79: PoonBKK
A80: 76 | B80: 44659 | C80: STHBKK012204000960 | D80: 52631 | E80: นาย ธนิตศักดิ์ ธนเกียรติไตรภพ | I80: 5000 | P80: 5000 | Q80: =SUM(F80+G80+H80+I80+J80+K80+L80+M80+N80+O80-P80) -> 0 | R80: BKK-Neng
A81: 77 | B81: 44659 | C81: STHBKK012204000962 | D81: 50436 | E81: นาง พิชาวีร์ บวรธีราเศรษฐ์ | I81: 5000 | P81: 5000 | Q81: =SUM(F81+G81+H81+I81+J81+K81+L81+M81+N81+O81-P81) -> 0 | R81: BKK-Neng
A82: 78 | B82: 44659 | C82: STHBKK012204000965 | D82: 54763 | E82: นาย บูชาติ หาดสร้อย + นาง ลัดดา หาดสร้อย | F82: 34 | P82: 34 | Q82: =SUM(F82+G82+H82+I82+J82+K82+L82+M82+N82+O82-P82) -> 0 | R82: PoonBKK
A83: 79 | B83: 44659 | C83: STHBKK012204000967 | D83: 62146 | E83: นางสาว พิกุล กลิ่นฟุ้ง | I83: 1250 | P83: 1250 | Q83: =SUM(F83+G83+H83+I83+J83+K83+L83+M83+N83+O83-P83) -> 0 | R83: PoonBKK
A84: 80 | B84: 44659 | C84: STHBKK012204000968 | D84: 68157 | E84: นาง สุรินทร์ คุ้มวงษ์ | J84: 5000 | P84: 5000 | Q84: =SUM(F84+G84+H84+I84+J84+K84+L84+M84+N84+O84-P84) -> 0 | R84: BKK-Neng
A85: 81 | B85: 44659 | C85: STHBKK012204000971 | D85: 37642 | E85: สนั่น ปริมาณ | I85: 24850 | P85: 24850 | Q85: =SUM(F85+G85+H85+I85+J85+K85+L85+M85+N85+O85-P85) -> 0 | R85: bkk-aoeng
A86: 82 | B86: 44659 | C86: STHBKK012204000972 | D86: 68157 | E86: นาง สุรินทร์ คุ้มวงษ์ | J86: 5950 | P86: 5950 | Q86: =SUM(F86+G86+H86+I86+J86+K86+L86+M86+N86+O86-P86) -> 0 | R86: BKK-Neng
A87: 83 | B87: 44659 | C87: STHBKK012204000973 | D87: 22727 | E87: นิรันดร์ สันอีด | I87: 5000 | P87: 5000 | Q87: =SUM(F87+G87+H87+I87+J87+K87+L87+M87+N87+O87-P87) -> 0 | R87: bkk-aoeng
A88: 84 | B88: 44659 | C88: STHBKK012204000975 | D88: 22727 | E88: นิรันดร์ สันอีด | I88: 12500 | P88: 12500 | Q88: =SUM(F88+G88+H88+I88+J88+K88+L88+M88+N88+O88-P88) -> 0 | R88: bkk-aoeng
A89: 85 | B89: 44659 | C89: STHBKK012204000977 | D89: 57399 | E89: นาย เสรี ทองหนูน | I89: 15000 | P89: 15000 | Q89: =SUM(F89+G89+H89+I89+J89+K89+L89+M89+N89+O89-P89) -> 0 | R89: PoonBKK
A90: 86 | B90: 44659 | C90: STHBKK012204000978 | D90: 68124 | E90: นางสาว น้องนุช ชัยนาม | I90: 1750 | P90: 1750 | Q90: =SUM(F90+G90+H90+I90+J90+K90+L90+M90+N90+O90-P90) -> 0 | R90: lFrAmEl
A91: 87 | B91: 44659 | C91: STHBKK012204000979 | D91: 52647 | E91: นางสาว เยาวดี สำเภา | I91: 5000 | P91: 5000 | Q91: =SUM(F91+G91+H91+I91+J91+K91+L91+M91+N91+O91-P91) -> 0 | R91: PoonBKK
A92: 88 | B92: 44659 | C92: STHBKK012204000980 | D92: 15374 | E92: นาย อนุชา อยู่เย็น | J92: 2500 | P92: 2500 | Q92: =SUM(F92+G92+H92+I92+J92+K92+L92+M92+N92+O92-P92) -> 0 | R92: PoonBKK
A93: 89 | B93: 44659 | C93: STHBKK012204000981 | D93: 58074 | E93: นาย สรวิชญ์ ทองหล่อ | I93: 3700 | P93: 3700 | Q93: =SUM(F93+G93+H93+I93+J93+K93+L93+M93+N93+O93-P93) -> 0 | R93: bkk-aoeng
A94: 90 | B94: 44659 | C94: STHBKK012204000984 | D94: 69256 | E94: นาย จำรูญ เจื่อจาน | I94: 27000 | P94: 27000 | Q94: =SUM(F94+G94+H94+I94+J94+K94+L94+M94+N94+O94-P94) -> 0 | R94: bkk-aoeng
A95: 91 | B95: 44659 | C95: STHBKK012204000986 | D95: 69258 | E95: นางสาว สมใจ ชัยนิคม | I95: 300 | P95: 300 | Q95: =SUM(F95+G95+H95+I95+J95+K95+L95+M95+N95+O95-P95) -> 0 | R95: BKK-Neng
A96: 92 | B96: 44659 | C96: STHBKK012204000987 | D96: 50474 | E96: นาย ณัฐพล ศรีทอง | I96: 0 | P96: 800 | Q96: =SUM(F96+G96+H96+I96+J96+K96+L96+M96+N96+O96-P96) -> -800 | R96: bkk-aoeng
A97: 93 | B97: 44659 | C97: STHBKK012204000988 | D97: 59904 | E97: นาย สุรทัศน์ เกไธสร | I97: 350 | P97: 350 | Q97: =SUM(F97+G97+H97+I97+J97+K97+L97+M97+N97+O97-P97) -> 0 | R97: PoonBKK
A98: 94 | B98: 44659 | C98: STHBKK012204000989 | D98: 35243 | E98: นาย พงศ์พีระ ศรีบุญเรือง | J98: 900 | P98: 900 | Q98: =SUM(F98+G98+H98+I98+J98+K98+L98+M98+N98+O98-P98) -> 0 | R98: PoonBKK
A99: 95 | B99: 44659 | C99: STHBKK012204000990 | D99: 54997 | E99: นางสาว ภานภัส พันธ์จันทร์ | I99: 4100 | P99: 4100 | Q99: =SUM(F99+G99+H99+I99+J99+K99+L99+M99+N99+O99-P99) -> 0 | R99: PoonBKK
A100: 96 | B100: 44659 | C100: STHBKK012204000991 | D100: 65328 | E100: นางสาว ขวัญวรา เพชรรัตน์ | I100: 3900 | P100: 3900 | Q100: =SUM(F100+G100+H100+I100+J100+K100+L100+M100+N100+O100-P100) -> 0 | R100: PoonBKK
A101: 97 | B101: 44659 | C101: STHBKK012204000992 | D101: 51069 | E101: นาย วีรกร พงษ์วัน | F101: 350 | P101: 350 | Q101: =SUM(F101+G101+H101+I101+J101+K101+L101+M101+N101+O101-P101) -> 0 | R101: bkk-aoeng
A102: 98 | B102: 44659 | C102: STHBKK012204000995 | D102: 58050 | E102: นางสาว ฤทัยทิพย์ นาโพธิ์ | J102: 300 | P102: 300 | Q102: =SUM(F102+G102+H102+I102+J102+K102+L102+M102+N102+O102-P102) -> 0 | R102: PoonBKK
A103: 99 | B103: 44659 | C103: STHBKK012204000996 | D103: 68268 | E103: นาง ศิริพร อินทวงษ์ | I103: 600 | P103: 600 | Q103: =SUM(F103+G103+H103+I103+J103+K103+L103+M103+N103+O103-P103) -> 0 | R103: bkk-aoeng
A104: 100 | B104: 44659 | C104: STHBKK012204000997 | D104: 47510 | E104: นาย นาย ฐากร ตันสิรานนท์ | I104: 9800 | P104: 9800 | Q104: =SUM(F104+G104+H104+I104+J104+K104+L104+M104+N104+O104-P104) -> 0 | R104: bkk-aoeng
A105: 101 | B105: 44659 | C105: STHBKK012204000998 | D105: 52418 | E105: นาย สามารถ ถมเถื่อน | J105: 1750 | P105: 1750 | Q105: =SUM(F105+G105+H105+I105+J105+K105+L105+M105+N105+O105-P105) -> 0 | R105: BKK-Neng
...

Sheet 9.04.65
A1: DAILY SALE 9 APRIL 2022
A2: NO | B2: วันที่ | C2: เลขออเดอร์ | D2: รหัส | E2: Name | F2: Payment | R2: CS ผู้คีย์บิล
F3: Cash | G3: Credit Card | I3: Tranfer Money | K3: E-WALLET | L3: Paypal | M3: qr paymet | N3: หักคอม | O3: ARP | P3: ยอดในระบบ | Q3: ผลต่าง
G4: Front Office | H4: Online | I4: KBANK | J4: KTB
A5: 1 | B5: 44659 | C5: STHBKK012204001008 | D5: 25650 | E5: นาง ศศกร อมตวงษ์ | K5: 0 | P5: 2500 | Q5: =SUM(F5+G5+H5+I5+J5+K5+L5+M5+N5+O5-P5) -> -2500 | R5: PoonBKK
A6: 2 | B6: 44659 | C6: STHBKK012204001009 | D6: 51939 | E6: บริษัท รินทร์รฐา กรุ๊ป จำกัด(สำนักงานใหญ่) | I6: 0 | P6: 11950 | Q6: =SUM(F6+G6+H6+I6+J6+K6+L6+M6+N6+O6-P6) -> -11950 | R6: bkk-aoeng
A7: 3 | B7: 44660 | C7: STHBKK012204001010 | D7: 53249 | E7: ห้างหุ้นส่วนจำกัด ปูแดงพารวย ( สำนักงานใหญ่) | J7: 15000 | P7: 15000 | Q7: =SUM(F7+G7+H7+I7+J7+K7+L7+M7+N7+O7-P7) -> 0 | R7: Katae BKK
A8: 4 | B8: 44660 | C8: STHBKK012204001011 | D8: 22727 | E8: นิรันดร์ สันอีด | I8: 500 | P8: 500 | Q8: =SUM(F8+G8+H8+I8+J8+K8+L8+M8+N8+O8-P8) -> 0 | R8: Katae BKK
A9: 5 | B9: 44660 | C9: STHBKK012204001012 | D9: 64405 | E9: นาย ยรรยงค์ มุกดา | I9: 2650 | P9: 2650 | Q9: =SUM(F9+G9+H9+I9+J9+K9+L9+M9+N9+O9-P9) -> 0 | R9: Katae BKK
A10: 6 | B10: 44660 | C10: STHBKK012204001016 | D10: 69270 | E10: นางสาว ศรีวรรณ์ ศรศิลป์ | J10: 300 | P10: 300 | Q10: =SUM(F10+G10+H10+I10+J10+K10+L10+M10+N10+O10-P10) -> 0 | R10: bkk-aoeng
A11: 7 | B11: 44660 | C11: STHBKK012204001017 | D11: 69271 | E11: นาย นิรันดร์ พัฒนศิริ | J11: 27000 | P11: 27000 | Q11: =SUM(F11+G11+H11+I11+J11+K11+L11+M11+N11+O11-P11) -> 0 | R11: bkk-aoeng
A12: 8 | B12: 44660 | C12: STHBKK012204001023 | D12: 45227 | E12: นางสาว ประภัสสร ดีดวงพันธ์ | I12: 2500 | P12: 2500 | Q12: =SUM(F12+G12+H12+I12+J12+K12+L12+M12+N12+O12-P12) -> 0 | R12: Katae BKK
A13: 9 | B13: 44660 | C13: STHBKK012204001024 | D13: 62809 | E13: นางสาว วรารัตน์ ฤกษ์ศรี | I13: 5000 | P13: 5000 | Q13: =SUM(F13+G13+H13+I13+J13+K13+L13+M13+N13+O13-P13) -> 0 | R13: BKK-Neng
A14: 10 | B14: 44660 | C14: STHBKK012204001025 | D14: 10250 | E14: นาย สุรวิทย์ ทิพยโสภากุล | J14: 2500 | P14: 2500 | Q14: =SUM(F14+G14+H14+I14+J14+K14+L14+M14+N14+O14-P14) -> 0 | R14: Katae BKK
A15: 11 | B15: 44660 | C15: STHBKK012204001026 | D15: 51782 | E15: นาย สุวิทย์ รองชูเพ็ง | J15: 350 | P15: 350 | Q15: =SUM(F15+G15+H15+I15+J15+K15+L15+M15+N15+O15-P15) -> 0 | R15: Katae BKK
A16: 12 | B16: 44660 | C16: STHBKK012204001027 | D16: 44149 | E16: นางสาว วณัฐกมล วิไลลักษณ์ | I16: 26500 | P16: 26500 | Q16: =SUM(F16+G16+H16+I16+J16+K16+L16+M16+N16+O16-P16) -> 0 | R16: bkk-aoeng
A17: 13 | B17: 44660 | C17: STHBKK012204001028 | D17: 43134 | E17: นาย เพชร ภูมี | I17: 3600 | P17: 3600 | Q17: =SUM(F17+G17+H17+I17+J17+K17+L17+M17+N17+O17-P17) -> 0 | R17: bkk-aoeng
A18: 14 | B18: 44660 | C18: STHBKK012204001030 | D18: 10320 | E18: บริษัท รีโวเด็ค จำกัด (สำนักงานใหญ่) | I18: 20250 | P18: 20250 | Q18: =SUM(F18+G18+H18+I18+J18+K18+L18+M18+N18+O18-P18) -> 0 | R18: Katae BKK
A19: 15 | B19: 44660 | C19: STHBKK012204001031 | D19: 59904 | E19: นาย สุรทัศน์ เกไธสร | I19: 5000 | P19: 5000 | Q19: =SUM(F19+G19+H19+I19+J19+K19+L19+M19+N19+O19-P19) -> 0 | R19: bkk-aoeng
A20: 16 | B20: 44660 | C20: STHBKK012204001032 | D20: 55106 | E20: นาย สุวิทย์ โตทุ้ย | I20: 2650 | P20: 2650 | Q20: =SUM(F20+G20+H20+I20+J20+K20+L20+M20+N20+O20-P20) -> 0 | R20: Katae BKK
A21: 17 | B21: 44660 | C21: STHBKK012204001033 | D21: 53495 | E21: นางสาว ธนัญชนก อยู่ยงค์ | I21: 5000 | P21: 5000 | Q21: =SUM(F21+G21+H21+I21+J21+K21+L21+M21+N21+O21-P21) -> 0 | R21: bkk-aoeng
A22: 18 | B22: 44660 | C22: STHBKK012204001034 | D22: 53495 | E22: นางสาว ธนัญชนก อยู่ยงค์ | I22: 5000 | P22: 5000 | Q22: =SUM(F22+G22+H22+I22+J22+K22+L22+M22+N22+O22-P22) -> 0 | R22: bkk-aoeng
A23: 19 | B23: 44660 | C23: STHBKK012204001036 | D23: 56901 | E23: นาย ธำรงค์ศักดิ์ มะลิซ้อน | I23: 3900 | P23: 3900 | Q23: =SUM(F23+G23+H23+I23+J23+K23+L23+M23+N23+O23-P23) -> 0 | R23: Katae BKK
A24: 20 | B24: 44660 | C24: STHBKK012204001037 | D24: 27066 | E24: นาย ชลธี จันทโคตร | I24: 19900 | P24: 19900 | Q24: =SUM(F24+G24+H24+I24+J24+K24+L24+M24+N24+O24-P24) -> 0 | R24: bkk-aoeng
A25: 21 | B25: 44660 | C25: STHBKK012204001038 | D25: 67909 | E25: นางสาว สุธรรมา กุสันเทียะ | J25: 47500 | P25: 47500 | Q25: =SUM(F25+G25+H25+I25+J25+K25+L25+M25+N25+O25-P25) -> 0 | R25: Katae BKK
A26: 22 | B26: 44660 | C26: STHBKK012204001040 | D26: 58427 | E26: ห้างหุ้นส่วนจำกัด ลูกณัฐ มาร์เก็ตติ้ง (สำนักงานใหญ่) | I26: 5700 | P26: 5700 | Q26: =SUM(F26+G26+H26+I26+J26+K26+L26+M26+N26+O26-P26) -> 0 | R26: bkk-aoeng
A27: 23 | B27: 44660 | C27: STHBKK012204001041 | D27: 43380 | E27: นางสาว สุภาพร พรมทา | I27: 1050 | P27: 1050 | Q27: =SUM(F27+G27+H27+I27+J27+K27+L27+M27+N27+O27-P27) -> 0 | R27: Katae BKK
A28: 24 | B28: 44660 | C28: STHBKK012204001042 | D28: 58427 | E28: ห้างหุ้นส่วนจำกัด ลูกณัฐ มาร์เก็ตติ้ง (สำนักงานใหญ่) | F28: 7 | P28: 7 | Q28: =SUM(F28+G28+H28+I28+J28+K28+L28+M28+N28+O28-P28) -> 0 | R28: bkk-aoeng
A29: 25 | B29: 44660 | C29: STHBKK012204001043 | D29: 66774 | E29: นาย ศุภลักษณ์ สิมหะชาติ | J29: 350 | P29: 350 | Q29: =SUM(F29+G29+H29+I29+J29+K29+L29+M29+N29+O29-P29) -> 0 | R29: Katae BKK
A30: 26 | B30: 44660 | C30: STHBKK012204001044 | D30: 14329 | E30: นาย มงคล เพ็งเคียน | I30: 1250 | P30: 1250 | Q30: =SUM(F30+G30+H30+I30+J30+K30+L30+M30+N30+O30-P30) -> 0 | R30: bkk-aoeng
A31: 27 | B31: 44660 | C31: STHBKK012204001045 | D31: 50593 | E31: บริษัท วี.เอ็น.ซี.สกินแคร์ จำกัด ( สำนักงานใหญ่ ) | I31: 15000 | P31: 15000 | Q31: =SUM(F31+G31+H31+I31+J31+K31+L31+M31+N31+O31-P31) -> 0 | R31: Katae BKK
A32: 28 | B32: 44660 | C32: STHBKK012204001047 | D32: 27895 | E32: นาง สมจิตร นวนสุ่ม | J32: 5000 | P32: 5000 | Q32: =SUM(F32+G32+H32+I32+J32+K32+L32+M32+N32+O32-P32) -> 0 | R32: Katae BKK
A33: 29 | B33: 44660 | C33: STHBKK012204001048 | D33: 55158 | E33: นาย นิคม ยิ้มสาระ | J33: 5000 | P33: 5000 | Q33: =SUM(F33+G33+H33+I33+J33+K33+L33+M33+N33+O33-P33) -> 0 | R33: Katae BKK
A34: 30 | B34: 44660 | C34: STHBKK012204001049 | D34: 51939 | E34: บริษัท รินทร์รฐา กรุ๊ป จำกัด(สำนักงานใหญ่) | I34: 15900 | P34: 15900 | Q34: =SUM(F34+G34+H34+I34+J34+K34+L34+M34+N34+O34-P34) -> 0 | R34: bkk-aoeng
A35: 31 | B35: 44660 | C35: STHBKK012204001050 | D35: 10697 | E35: นางสาว พวงเพ็ญ สุวรรณโณ | I35: 2650 | P35: 2650 | Q35: =SUM(F35+G35+H35+I35+J35+K35+L35+M35+N35+O35-P35) -> 0 | R35: Katae BKK
A36: 32 | B36: 44660 | C36: STHBKK012204001051 | D36: 60421 | E36: นางสาว เกื้อกุล โชติช่วง | J36: 2500 | P36: 2500 | Q36: =SUM(F36+G36+H36+I36+J36+K36+L36+M36+N36+O36-P36) -> 0 | R36: BKK-Neng
A37: 33 | B37: 44660 | C37: STHBKK012204001052 | D37: 50595 | E37: บริษัท แก้วแกมทอง เทรดดิ้ง จำกัด (สำนักงานใหญ่) | I37: 73400 | P37: 73400 | Q37: =SUM(F37+G37+H37+I37+J37+K37+L37+M37+N37+O37-P37) -> 0 | R37: Katae BKK
A38: 34 | B38: 44660 | C38: STHBKK012204001053 | D38: 66838 | E38: นาย เสฎฐวุฒิ พนาอภิชน | I38: 8600 | P38: 8600 | Q38: =SUM(F38+G38+H38+I38+J38+K38+L38+M38+N38+O38-P38) -> 0 | R38: Katae BKK
A39: 35 | B39: 44660 | C39: STHBKK012204001054 | D39: 28414 | E39: นาง ณัฎฐณันธ์ วงวันดี | I39: 2850 | P39: 2850 | Q39: =SUM(F39+G39+H39+I39+J39+K39+L39+M39+N39+O39-P39) -> 0 | R39: Katae BKK
A40: 36 | B40: 44660 | C40: STHBKK012204001055 | D40: 35220 | E40: นาย ดัสนีย์​ เจะ​เลาะ​ | G40: 4450 | P40: 4450 | Q40: =SUM(F40+G40+H40+I40+J40+K40+L40+M40+N40+O40-P40) -> 0 | R40: Katae BKK
A41: 37 | B41: 44660 | C41: STHBKK012204001056 | D41: 51976 | E41: นาง วรัทยา จันทร์ชื่น | J41: 10700 | P41: 10700 | Q41: =SUM(F41+G41+H41+I41+J41+K41+L41+M41+N41+O41-P41) -> 0 | R41: bkk-aoeng
A42: 38 | B42: 44660 | C42: STHBKK012204001058 | D42: 34950 | E42: กมล ขันตีจิตร | J42: 5150 | P42: 5150 | Q42: =SUM(F42+G42+H42+I42+J42+K42+L42+M42+N42+O42-P42) -> 0 | R42: bkk-aoeng
A43: 39 | B43: 44660 | C43: STHBKK012204001060 | D43: 49943 | E43: นางสาว กนกภรณ์ จำปาเวียง | I43: 2650 | P43: 2650 | Q43: =SUM(F43+G43+H43+I43+J43+K43+L43+M43+N43+O43-P43) -> 0 | R43: lFrAmEl
A44: 40 | B44: 44660 | C44: STHBKK012204001061 | D44: 45937 | E44: นาย วัชรชัย ขุนศรีรักษา | I44: 25000 | P44: 25000 | Q44: =SUM(F44+G44+H44+I44+J44+K44+L44+M44+N44+O44-P44) -> 0 | R44: Katae BKK
A45: 41 | B45: 44660 | C45: STHBKK012204001062 | D45: 63209 | E45: นาย พบโชค ศรีบุณยะแก้ว | I45: 2550 | P45: 2550 | Q45: =SUM(F45+G45+H45+I45+J45+K45+L45+M45+N45+O45-P45) -> 0 | R45: lFrAmEl
A46: 42 | B46: 44660 | C46: STHBKK012204001063 | D46: 55551 | E46: นาย พลรัตน์ ผ่องศรี | J46: 2650 | P46: 2650 | Q46: =SUM(F46+G46+H46+I46+J46+K46+L46+M46+N46+O46-P46) -> 0 | R46: bkk-aoeng
A47: 43 | B47: 44660 | C47: STHBKK012204001064 | D47: 62146 | E47: นางสาว พิกุล กลิ่นฟุ้ง | I47: 2000 | P47: 2000 | Q47: =SUM(F47+G47+H47+I47+J47+K47+L47+M47+N47+O47-P47) -> 0 | R47: bkk-aoeng
A48: 44 | B48: 44660 | C48: STHBKK012204001065 | D48: 39803 | E48: นาง ภีรดา เดชะนามเมือง | I48: 1350 | P48: 1350 | Q48: =SUM(F48+G48+H48+I48+J48+K48+L48+M48+N48+O48-P48) -> 0 | R48: lFrAmEl
A49: 45 | B49: 44660 | C49: STHBKK012204001066 | D49: 48053 | E49: นาย ต้นสัก สุคนธรัตน์ | I49: 3200 | P49: 3200 | Q49: =SUM(F49+G49+H49+I49+J49+K49+L49+M49+N49+O49-P49) -> 0 | R49: lFrAmEl
A50: 46 | B50: 44660 | C50: STHBKK012204001067 | D50: 54409 | E50: นาย ฐิติกร ห้วยสุข | J50: 13550 | P50: 13550 | Q50: =SUM(F50+G50+H50+I50+J50+K50+L50+M50+N50+O50-P50) -> 0 | R50: lFrAmEl
A51: 47 | B51: 44660 | C51: STHBKK012204001068 | D51: 52826 | E51: นาย สุรเชษฐ์ บุตรเครือ | I51: 7650 | P51: 7650 | Q51: =SUM(F51+G51+H51+I51+J51+K51+L51+M51+N51+O51-P51) -> 0 | R51: Katae BKK
A52: 48 | B52: 44660 | C52: STHBKK012204001069 | D52: 52647 | E52: นางสาว เยาวดี สำเภา | I52: 2500 | P52: 2500 | Q52: =SUM(F52+G52+H52+I52+J52+K52+L52+M52+N52+O52-P52) -> 0 | R52: bkk-aoeng
A53: 49 | B53: 44660 | C53: STHBKK012204001070 | D53: 54226 | E53: นาง กาญจนา จันทรมณี | I53: 5150 | P53: 5150 | Q53: =SUM(F53+G53+H53+I53+J53+K53+L53+M53+N53+O53-P53) -> 0 | R53: lFrAmEl
A54: 50 | B54: 44660 | C54: STHBKK012204001071 | D54: 52032 | E54: นางสาว กาญจนา จองเกียรติ์ | I54: 350 | P54: 350 | Q54: =SUM(F54+G54+H54+I54+J54+K54+L54+M54+N54+O54-P54) -> 0 | R54: Katae BKK
A55: 51 | B55: 44660 | C55: STHBKK012204001072 | D55: 48910 | E55: วาสนา ดิษปัญญา | J55: 10000 | P55: 10000 | Q55: =SUM(F55+G55+H55+I55+J55+K55+L55+M55+N55+O55-P55) -> 0 | R55: bkk-aoeng
A56: 52 | B56: 44660 | C56: STHBKK012204001073 | D56: 51876 | E56: นางสาว จิราภรณ์ เขาทอง | I56: 49000 | P56: 49000 | Q56: =SUM(F56+G56+H56+I56+J56+K56+L56+M56+N56+O56-P56) -> 0 | R56: lFrAmEl
A57: 53 | B57: 44660 | C57: STHBKK012204001076 | D57: 64781 | E57: นางสาว นิชธาวัลย์ กันชนะ | I57: 3500 | P57: 3500 | Q57: =SUM(F57+G57+H57+I57+J57+K57+L57+M57+N57+O57-P57) -> 0 | R57: lFrAmEl
A58: 54 | B58: 44660 | C58: STHBKK012204001077 | D58: 49831 | E58: นาย บุญเลิศ รวมวินิจ | J58: 1400 | P58: 1400 | Q58: =SUM(F58+G58+H58+I58+J58+K58+L58+M58+N58+O58-P58) -> 0 | R58: Katae BKK
A59: 55 | B59: 44660 | C59: STHBKK012204001078 | D59: 53495 | E59: นางสาว ธนัญชนก อยู่ยงค์ | I59: 1250 | P59: 1250 | Q59: =SUM(F59+G59+H59+I59+J59+K59+L59+M59+N59+O59-P59) -> 0 | R59: lFrAmEl
A60: 56 | B60: 44660 | C60: STHBKK012204001079 | D60: 52404 | E60: นาย คำรณ ศรีนวล | I60: 5000 | P60: 5000 | Q60: =SUM(F60+G60+H60+I60+J60+K60+L60+M60+N60+O60-P60) -> 0 | R60: bkk-aoeng
A61: 57 | B61: 44660 | C61: STHBKK012204001081 | D61: 52404 | E61: นาย คำรณ ศรีนวล | I61: 5000 | P61: 5000 | Q61: =SUM(F61+G61+H61+I61+J61+K61+L61+M61+N61+O61-P61) -> 0 | R61: bkk-aoeng
A62: 58 | B62: 44660 | C62: STHBKK012204001084 | D62: 66714 | E62: นาย ชุติกาญจน์ อุรุวรรณ | I62: 30000 | P62: 30000 | Q62: =SUM(F62+G62+H62+I62+J62+K62+L62+M62+N62+O62-P62) -> 0 | R62: Katae BKK
A63: 59 | B63: 44660 | C63: STHBKK012204001087 | D63: 48631 | E63: ดร. โนรี เต๊ะหละ | I63: 5000 | P63: 5000 | Q63: =SUM(F63+G63+H63+I63+J63+K63+L63+M63+N63+O63-P63) -> 0 | R63: Katae BKK
A64: 60 | B64: 44660 | C64: STHBKK012204001088 | D64: 51782 | E64: นาย สุวิทย์ รองชูเพ็ง | J64: 700 | P64: 700 | Q64: =SUM(F64+G64+H64+I64+J64+K64+L64+M64+N64+O64-P64) -> 0 | R64: bkk-aoeng
A65: 61 | B65: 44660 | C65: STHBKK012204001089 | D65: 48631 | E65: ดร. โนรี เต๊ะหละ | I65: 15000 | P65: 15000 | Q65: =SUM(F65+G65+H65+I65+J65+K65+L65+M65+N65+O65-P65) -> 0 | R65: Katae BKK
A66: 62 | B66: 44660 | C66: STHBKK012204001090 | D66: 52993 | E66: นาง ชัยศิริ ปราชญานุกุล | I66: 8000 | P66: 8000 | Q66: =SUM(F66+G66+H66+I66+J66+K66+L66+M66+N66+O66-P66) -> 0 | R66: bkk-aoeng
A67: 63 | B67: 44660 | C67: STHBKK012204001091 | D67: 51782 | E67: นาย สุวิทย์ รองชูเพ็ง | J67: 350 | P67: 350 | Q67: =SUM(F67+G67+H67+I67+J67+K67+L67+M67+N67+O67-P67) -> 0 | R67: bkk-aoeng
A68: 64 | B68: 44660 | C68: STHBKK012204001092 | D68: 53249 | E68: ห้างหุ้นส่วนจำกัด ปูแดงพารวย ( สำนักงานใหญ่) | F68: 2500 | P68: 2500 | Q68: =SUM(F68+G68+H68+I68+J68+K68+L68+M68+N68+O68-P68) -> 0 | R68: BKK-Neng
A69: 65 | B69: 44660 | C69: STHBKK012204001093 | D69: 16726 | E69: วิษณุ สามล | I69: 5000 | P69: 5000 | Q69: =SUM(F69+G69+H69+I69+J69+K69+L69+M69+N69+O69-P69) -> 0 | R69: Katae BKK
A70: 66 | B70: 44660 | C70: STHBKK012204001095 | D70: 58697 | E70: นางสาว ธัญพัส นาน้ำเชี่ยว | F70: 5000 | P70: 5000 | Q70: =SUM(F70+G70+H70+I70+J70+K70+L70+M70+N70+O70-P70) -> 0 | R70: BKK-Neng
A71: 67 | B71: 44660 | C71: STHBKK012204001096 | D71: 16726 | E71: วิษณุ สามล | I71: 5000 | P71: 5000 | Q71: =SUM(F71+G71+H71+I71+J71+K71+L71+M71+N71+O71-P71) -> 0 | R71: Katae BKK
A72: 68 | B72: 44660 | C72: STHBKK012204001098 | D72: 54196 | E72: นาง ศรีจันทร์ สามล | I72: 5200 | P72: 5200 | Q72: =SUM(F72+G72+H72+I72+J72+K72+L72+M72+N72+O72-P72) -> 0 | R72: Katae BKK
A73: 69 | B73: 44660 | C73: STHBKK012204001100 | D73: 54176 | E73: นาง ศิริวรรณ แก้วเทศ | J73: 10000 | P73: 10000 | Q73: =SUM(F73+G73+H73+I73+J73+K73+L73+M73+N73+O73-P73) -> 0 | R73: bkk-aoeng
A74: 70 | B74: 44660 | C74: STHBKK012204001101 | D74: 57230 | E74: นางสาว วรรณา ต๊ะแก้ว | I74: 8750 | P74: 8750 | Q74: =SUM(F74+G74+H74+I74+J74+K74+L74+M74+N74+O74-P74) -> 0 | R74: bkk-aoeng
A75: 71 | B75: 44660 | C75: STHBKK012204001102 | D75: 13762 | E75: นางสาว สุชานันท์ สะตะ | J75: 32500 | P75: 32500 | Q75: =SUM(F75+G75+H75+I75+J75+K75+L75+M75+N75+O75-P75) -> 0 | R75: BKK-Neng
A76: 72 | B76: 44660 | C76: STHBKK012204001103 | D76: 26370 | E76: นางสาว กัลยา หีมมิน๊ะ | J76: 300 | P76: 300 | Q76: =SUM(F76+G76+H76+I76+J76+K76+L76+M76+N76+O76-P76) -> 0 | R76: bkk-aoeng
A77: 73 | B77: 44660 | C77: STHBKK012204001104 | D77: 69296 | E77: นาง จันทร์จุฬา อิ่มแสง | I77: 300 | P77: 300 | Q77: =SUM(F77+G77+H77+I77+J77+K77+L77+M77+N77+O77-P77) -> 0 | R77: bkk-aoeng
A78: 74 | B78: 44660 | C78: STHBKK012204001105 | D78: 52206 | E78: นาย ภูวกร บวรฉัตรชาตรี | I78: 15600 | P78: 15600 | Q78: =SUM(F78+G78+H78+I78+J78+K78+L78+M78+N78+O78-P78) -> 0 | R78: bkk-aoeng
A79: 75 | B79: 44660 | C79: STHBKK012204001106 | D79: 69297 | E79: นาย โชคชัย ไวยเวช | I79: 300 | P79: 300 | Q79: =SUM(F79+G79+H79+I79+J79+K79+L79+M79+N79+O79-P79) -> 0 | R79: bkk-aoeng
A80: 76 | B80: 44660 | C80: STHBKK012204001107 | D80: 10001 | E80: บริษัท สว่างทรัพย์ จำกัด (สำนักงานใหญ่) | I80: 2500 | P80: 2500 | Q80: =SUM(F80+G80+H80+I80+J80+K80+L80+M80+N80+O80-P80) -> 0 | R80: bkk-aoeng
A81: 77 | B81: 44660 | C81: STHBKK012204001109 | D81: 51978 | E81: นางสาว ศศิธร สีปาน | I81: 5070 | P81: 5070 | Q81: =SUM(F81+G81+H81+I81+J81+K81+L81+M81+N81+O81-P81) -> 0 | R81: bkk-aoeng
A82: 78 | B82: 44659 | C82: STHONLIN2204000215 | D82: 51017 | E82: บริษัท ต.ศรีโสภณ จำกัด (สำนักงานใหญ่) | H82: 40000 | P82: 40000 | Q82: =SUM(F82+G82+H82+I82+J82+K82+L82+M82+N82+O82-P82) -> 0
A83: 79 | B83: 44660 | C83: STHONLIN2204000216 | D83: 51406 | E83: บริษัท สวนสุข จำกัด(สำนักงานใหญ่) | H83: 30000 | P83: 30000 | Q83: =SUM(F83+G83+H83+I83+J83+K83+L83+M83+N83+O83-P83) -> 0
A84: 80 | B84: 44660 | C84: STHONLIN2204000217 | D84: 51406 | E84: บริษัท สวนสุข จำกัด(สำนักงานใหญ่) | H84: 30000 | P84: 30000 | Q84: =SUM(F84+G84+H84+I84+J84+K84+L84+M84+N84+O84-P84) -> 0
A85: 81 | B85: 44660 | C85: STHONLIN2204000218 | D85: 59452 | E85: นาย บุญลักษณ์ แสงอุ่น | H85: 30700 | P85: 30700 | Q85: =SUM(F85+G85+H85+I85+J85+K85+L85+M85+N85+O85-P85) -> 0
A86: 82 | B86: 44660 | C86: STHONLIN2204000219 | D86: 51017 | E86: บริษัท ต.ศรีโสภณ จำกัด (สำนักงานใหญ่) | H86: 15000 | P86: 15000 | Q86: =SUM(F86+G86+H86+I86+J86+K86+L86+M86+N86+O86-P86) -> 0
A87: 83 | B87: 44660 | C87: STHONLIN2204000220 | D87: 64405 | E87: นาย ยรรยงค์ มุกดา | K87: 200 | O87: 1000 | P87: 1200 | Q87: =SUM(F87+G87+H87+I87+J87+K87+L87+M87+N87+O87-P87) -> 0
A88: 84 | B88: 44660 | C88: STHONLIN2204000228 | D88: 31927 | E88: นาง ทิพยาภรณ์ ฆ้องวงษ์ | M88: 3750 | P88: 3750 | Q88: =SUM(F88+G88+H88+I88+J88+K88+L88+M88+N88+O88-P88) -> 0
A89: 85 | B89: 44660 | C89: STHONLIN2204000230 | D89: 49918 | E89: นาย เกียรติศักดิ์ อาดมะเร๊ะ | H89: 5900 | P89: 5900 | Q89: =SUM(F89+G89+H89+I89+J89+K89+L89+M89+N89+O89-P89) -> 0
A90: 86 | B90: 44660 | C90: STHONLIN2204000231 | D90: 12102 | E90: บริษัท เจแอลที คอร์ปอเรชั่น จำกัด | H90: 350 | P90: 350 | Q90: =SUM(F90+G90+H90+I90+J90+K90+L90+M90+N90+O90-P90) -> 0
A91: 87 | B91: 44660 | C91: STHONLIN2204000232 | D91: 34950 | E91: กมล ขันตีจิตร | O91: 2400 | P91: 2400 | Q91: =SUM(F91+G91+H91+I91+J91+K91+L91+M91+N91+O91-P91) -> 0
F92: =SUM(F5:F91) -> 7507 | G92: =SUM(G4:G91) -> 4450 | H92: =SUM(H4:H91) -> 151950 | I92: =SUM(I5:I91) -> 450720 | J92: =SUM(J5:J91) -> 192800 | K92: =SUM(K5:K91) -> 200 | L92: =SUM(L4:L91) -> 0 | M92: =SUM(M4:M91) -> 3750 | N92: =SUM(N4:N91) -> 0 | O92: =SUM(O4:O91) -> 3400 | P92: =SUM(P5:P91) -> 829227 | Q92: =SUM(Q5:Q91) -> -14450
F93: =F92+G92+H92+I92+J92+K92+L92+M92+N92+O92 -> 814777
F100: า

Sheet 10.04.65
A1: DAILY SALE 10 APRIL 2022
A2: NO | B2: วันที่ | C2: เลขออเดอร์ | D2: รหัส | E2: Name | F2: Payment | R2: CS ผู้คีย์บิล
F3: Cash | G3: Credit Card | I3: Tranfer Money | K3: E-WALLET | L3: Paypal | M3: qr paymet | N3: หักคอม | O3: ARP | P3: ยอดในระบบ | Q3: ผลต่าง
G4: Front Office | H4: Online | I4: KBANK | J4: KTB
A5: 1 | B5: 44660 | C5: STHBKK012204001111 | D5: 13762 | E5: นางสาว สุชานันท์ สะตะ | I5: 0 | P5: 32500 | Q5: =SUM(F5+G5+H5+I5+J5+K5+L5+M5+N5+O5-P5) -> -32500 | R5: BKK-Neng
A6: 2 | B6: 44661 | C6: STHBKK012204001112 | D6: 65067 | E6: นาย สัมฤทธิ์ กิ่งภาร + อัญชลี กิ่งภาร | I6: 350 | P6: 350 | Q6: =SUM(F6+G6+H6+I6+J6+K6+L6+M6+N6+O6-P6) -> 0 | R6: Katae BKK
A7: 3 | B7: 44661 | C7: STHBKK012204001113 | D7: 42082 | E7: ณัฐพล เกลี้ยงประไพ | H7: 5000 | P7: 5000 | Q7: =SUM(F7+G7+H7+I7+J7+K7+L7+M7+N7+O7-P7) -> 0 | R7: Katae BKK
A8: 4 | B8: 44661 | C8: STHBKK012204001114 | D8: 42082 | E8: ณัฐพล เกลี้ยงประไพ | H8: 5000 | P8: 5000 | Q8: =SUM(F8+G8+H8+I8+J8+K8+L8+M8+N8+O8-P8) -> 0 | R8: Katae BKK
A9: 5 | B9: 44661 | C9: STHBKK012204001115 | D9: 59285 | E9: นาย ทรงฤทธิ์ เลขไวฑูรย์ | I9: 27000 | P9: 27000 | Q9: =SUM(F9+G9+H9+I9+J9+K9+L9+M9+N9+O9-P9) -> 0 | R9: Katae BKK
A10: 6 | B10: 44661 | C10: STHBKK012204001118 | D10: 55448 | E10: นางสาว วัชรวรรณ นิลสุ | I10: 2650 | P10: 2650 | Q10: =SUM(F10+G10+H10+I10+J10+K10+L10+M10+N10+O10-P10) -> 0 | R10: PoonBKK
A11: 7 | B11: 44661 | C11: STHBKK012204001119 | D11: 47787 | E11: ห้างหุ้นส่วนจำกัด โกรท โกลเบิล เน็ตเวิร์ก (สำนักงานใหญ่) | I11: 2500 | P11: 2500 | Q11: =SUM(F11+G11+H11+I11+J11+K11+L11+M11+N11+O11-P11) -> 0 | R11: PoonBKK
A12: 8 | B12: 44661 | C12: STHBKK012204001120 | D12: 59904 | E12: นาย สุรทัศน์ เกไธสร | I12: 350 | P12: 350 | Q12: =SUM(F12+G12+H12+I12+J12+K12+L12+M12+N12+O12-P12) -> 0 | R12: PoonBKK
A13: 9 | B13: 44661 | C13: STHBKK012204001121 | D13: 67207 | E13: นาง ฐิตารีย์ ธีรรัฐคุณาสิน | J13: 3600 | P13: 3600 | Q13: =SUM(F13+G13+H13+I13+J13+K13+L13+M13+N13+O13-P13) -> 0 | R13: PoonBKK
A14: 10 | B14: 44661 | C14: STHBKK012204001122 | D14: 67207 | E14: นาง ฐิตารีย์ ธีรรัฐคุณาสิน | J14: 4850 | P14: 4850 | Q14: =SUM(F14+G14+H14+I14+J14+K14+L14+M14+N14+O14-P14) -> 0 | R14: PoonBKK
A15: 11 | B15: 44661 | C15: STHBKK012204001124 | D15: 49599 | E15: นาย อภิวัฒน์ หน่ายมี | I15: 1250 | P15: 1250 | Q15: =SUM(F15+G15+H15+I15+J15+K15+L15+M15+N15+O15-P15) -> 0 | R15: PoonBKK
A16: 12 | B16: 44661 | C16: STHBKK012204001126 | D16: 53940 | E16: นาย ปรีชา ศรีคำม้วน | I16: 1400 | P16: 1400 | Q16: =SUM(F16+G16+H16+I16+J16+K16+L16+M16+N16+O16-P16) -> 0 | R16: PoonBKK
A17: 13 | B17: 44661 | C17: STHBKK012204001127 | D17: 50136 | E17: นาย วีระ ชูศิลป์ | I17: 5000 | P17: 5000 | Q17: =SUM(F17+G17+H17+I17+J17+K17+L17+M17+N17+O17-P17) -> 0 | R17: Katae BKK
A18: 14 | B18: 44661 | C18: STHBKK012204001129 | D18: 59377 | E18: นาง วันเพ็ญ โขมพัด | I18: 6600 | P18: 6600 | Q18: =SUM(F18+G18+H18+I18+J18+K18+L18+M18+N18+O18-P18) -> 0 | R18: Katae BKK
A19: 15 | B19: 44661 | C19: STHBKK012204001131 | D19: 44980 | E19: นาย ประทุม สาดทอง | I19: 5350 | P19: 5350 | Q19: =SUM(F19+G19+H19+I19+J19+K19+L19+M19+N19+O19-P19) -> 0 | R19: Katae BKK
A20: 16 | B20: 44661 | C20: STHBKK012204001132 | D20: 69270 | E20: นางสาว ศรีวรรณ์ ศรศิลป์ | J20: 0 | P20: 27000 | Q20: =SUM(F20+G20+H20+I20+J20+K20+L20+M20+N20+O20-P20) -> -27000 | R20: bkk-aoeng
A21: 17 | B21: 44661 | C21: STHBKK012204001133 | D21: 51939 | E21: บริษัท รินทร์รฐา กรุ๊ป จำกัด(สำนักงานใหญ่) | I21: 13200 | P21: 13200 | Q21: =SUM(F21+G21+H21+I21+J21+K21+L21+M21+N21+O21-P21) -> 0 | R21: bkk-aoeng
A22: 18 | B22: 44661 | C22: STHBKK012204001134 | D22: 67120 | E22: นางสาว อารีรัตน์ กู้กำพล | I22: 850 | P22: 850 | Q22: =SUM(F22+G22+H22+I22+J22+K22+L22+M22+N22+O22-P22) -> 0 | R22: Katae BKK
A23: 19 | B23: 44661 | C23: STHBKK012204001135 | D23: 30248 | E23: นางสาว ยุพิน กรลำ | I23: 10000 | P23: 10000 | Q23: =SUM(F23+G23+H23+I23+J23+K23+L23+M23+N23+O23-P23) -> 0 | R23: PoonBKK
A24: 20 | B24: 44661 | C24: STHBKK012204001136 | D24: 39317 | E24: นาง เต็มลักษณ์ ยวงลำใย | J24: 900 | P24: 900 | Q24: =SUM(F24+G24+H24+I24+J24+K24+L24+M24+N24+O24-P24) -> 0 | R24: PoonBKK
A25: 21 | B25: 44661 | C25: STHBKK012204001137 | D25: 68079 | E25: นาย ศุภกฤต เดชะนามเมือง | K25: 150 | P25: 150 | Q25: =SUM(F25+G25+H25+I25+J25+K25+L25+M25+N25+O25-P25) -> 0 | R25: bkk-aoeng
A26: 22 | B26: 44661 | C26: STHBKK012204001138 | D26: 68602 | E26: นาย สุรัตน์ สุขชาวนา | J26: 27000 | P26: 27000 | Q26: =SUM(F26+G26+H26+I26+J26+K26+L26+M26+N26+O26-P26) -> 0 | R26: bkk-aoeng
A27: 23 | B27: 44661 | C27: STHBKK012204001141 | D27: 55895 | E27: นาง บุญมา คลี่แป้ง | I27: 5000 | P27: 5000 | Q27: =SUM(F27+G27+H27+I27+J27+K27+L27+M27+N27+O27-P27) -> 0 | R27: PoonBKK
A28: 24 | B28: 44661 | C28: STHBKK012204001143 | D28: 55895 | E28: นาง บุญมา คลี่แป้ง | I28: 5000 | P28: 5000 | Q28: =SUM(F28+G28+H28+I28+J28+K28+L28+M28+N28+O28-P28) -> 0 | R28: PoonBKK
A29: 25 | B29: 44661 | C29: STHBKK012204001144 | D29: 50692 | E29: นาย สานิต โสมกุล | I29: 10000 | P29: 10000 | Q29: =SUM(F29+G29+H29+I29+J29+K29+L29+M29+N29+O29-P29) -> 0 | R29: PoonBKK
A30: 26 | B30: 44661 | C30: STHBKK012204001145 | D30: 29621 | E30: นางสาว สุดาวรรณ์ จันทร์แดง | J30: 7950 | P30: 7950 | Q30: =SUM(F30+G30+H30+I30+J30+K30+L30+M30+N30+O30-P30) -> 0 | R30: bkk-aoeng
A31: 27 | B31: 44661 | C31: STHBKK012204001147 | D31: 66838 | E31: นาย เสฎฐวุฒิ พนาอภิชน | I31: 16750 | P31: 16750 | Q31: =SUM(F31+G31+H31+I31+J31+K31+L31+M31+N31+O31-P31) -> 0 | R31: PoonBKK
A32: 28 | B32: 44661 | C32: STHBKK012204001148 | D32: 22332 | E32: นางสาว คณาง ไพรบึง | I32: 5775 | P32: 5775 | Q32: =SUM(F32+G32+H32+I32+J32+K32+L32+M32+N32+O32-P32) -> 0 | R32: PoonBKK
A33: 29 | B33: 44661 | C33: STHBKK012204001149 | D33: 50616 | E33: นางสาว แก้วเพียงขวัญ จันทรพงศ์ | J33: 700 | P33: 700 | Q33: =SUM(F33+G33+H33+I33+J33+K33+L33+M33+N33+O33-P33) -> 0 | R33: bkk-aoeng
A34: 30 | B34: 44661 | C34: STHBKK012204001150 | D34: 26831 | E34: นาง เกศร วงษ์วิภาค | J34: 41750 | P34: 41750 | Q34: =SUM(F34+G34+H34+I34+J34+K34+L34+M34+N34+O34-P34) -> 0 | R34: PoonBKK
A35: 31 | B35: 44661 | C35: STHBKK012204001151 | D35: 35227 | E35: นาย พีรพงศ์ ภรประเสริฐศรี | I35: 1250 | P35: 1250 | Q35: =SUM(F35+G35+H35+I35+J35+K35+L35+M35+N35+O35-P35) -> 0 | R35: Katae BKK
A36: 32 | B36: 44661 | C36: STHBKK012204001152 | D36: 10288 | E36: นาย อนันต์กฤช เต็มศิริพันธุ์ | I36: 17850 | P36: 17850 | Q36: =SUM(F36+G36+H36+I36+J36+K36+L36+M36+N36+O36-P36) -> 0 | R36: bkk-aoeng
A37: 33 | B37: 44661 | C37: STHBKK012204001153 | D37: 67371 | E37: นางสาว ปิยมณฑ์ ชัยเสนา | K37: 680 | P37: 680 | Q37: =SUM(F37+G37+H37+I37+J37+K37+L37+M37+N37+O37-P37) -> 0 | R37: bkk-aoeng
A38: 34 | B38: 44661 | C38: STHBKK012204001154 | D38: 48053 | E38: นาย ต้นสัก สุคนธรัตน์ | I38: 350 | P38: 350 | Q38: =SUM(F38+G38+H38+I38+J38+K38+L38+M38+N38+O38-P38) -> 0 | R38: PoonBKK
A39: 35 | B39: 44661 | C39: STHBKK012204001157 | D39: 35220 | E39: นาย ดัสนีย์​ เจะ​เลาะ​ | G39: 8000 | P39: 8000 | Q39: =SUM(F39+G39+H39+I39+J39+K39+L39+M39+N39+O39-P39) -> 0 | R39: BKK-Neng
A40: 36 | B40: 44661 | C40: STHBKK012204001158 | D40: 58652 | E40: นางสาว มาลิน ภักศาสตร์ | F40: 1400 | P40: 1400 | Q40: =SUM(F40+G40+H40+I40+J40+K40+L40+M40+N40+O40-P40) -> 0 | R40: PoonBKK
A41: 37 | B41: 44661 | C41: STHBKK012204001159 | D41: 52647 | E41: นางสาว เยาวดี สำเภา | I41: 5000 | P41: 5000 | Q41: =SUM(F41+G41+H41+I41+J41+K41+L41+M41+N41+O41-P41) -> 0 | R41: Katae BKK
A42: 38 | B42: 44661 | C42: STHBKK012204001161 | D42: 22332 | E42: นางสาว คณาง ไพรบึง | I42: 1500 | P42: 1500 | Q42: =SUM(F42+G42+H42+I42+J42+K42+L42+M42+N42+O42-P42) -> 0 | R42: PoonBKK
A43: 39 | B43: 44661 | C43: STHBKK012204001162 | D43: 45096 | E43: นาย วิเชษฐ สกุลหอม | I43: 11250 | P43: 11250 | Q43: =SUM(F43+G43+H43+I43+J43+K43+L43+M43+N43+O43-P43) -> 0 | R43: Katae BKK
A44: 40 | B44: 44661 | C44: STHBKK012204001163 | D44: 44149 | E44: นางสาว วณัฐกมล วิไลลักษณ์ | I44: 40000 | P44: 40000 | Q44: =SUM(F44+G44+H44+I44+J44+K44+L44+M44+N44+O44-P44) -> 0 | R44: Katae BKK
A45: 41 | B45: 44661 | C45: STHBKK012204001164 | D45: 22727 | E45: นิรันดร์ สันอีด | I45: 16000 | P45: 16000 | Q45: =SUM(F45+G45+H45+I45+J45+K45+L45+M45+N45+O45-P45) -> 0 | R45: PoonBKK
A46: 42 | B46: 44661 | C46: STHBKK012204001165 | D46: 50173 | E46: นาย ธนภัทร อยู่คำ | I46: 2100 | P46: 2100 | Q46: =SUM(F46+G46+H46+I46+J46+K46+L46+M46+N46+O46-P46) -> 0 | R46: PoonBKK
A47: 43 | B47: 44661 | C47: STHBKK012204001167 | D47: 69309 | E47: นาย สอนไช เทพสีสมบัด | I47: 600 | P47: 600 | Q47: =SUM(F47+G47+H47+I47+J47+K47+L47+M47+N47+O47-P47) -> 0 | R47: PoonBKK
A48: 44 | B48: 44661 | C48: STHBKK012204001168 | D48: 52993 | E48: นาง ชัยศิริ ปราชญานุกุล | I48: 16000 | P48: 16000 | Q48: =SUM(F48+G48+H48+I48+J48+K48+L48+M48+N48+O48-P48) -> 0 | R48: BKK-Neng
A49: 45 | B49: 44661 | C49: STHBKK012204001170 | D49: 48973 | E49: นาย สิริศักดิ์ นมพุก | I49: 15000 | P49: 15000 | Q49: =SUM(F49+G49+H49+I49+J49+K49+L49+M49+N49+O49-P49) -> 0 | R49: Katae BKK
A50: 46 | B50: 44661 | C50: STHBKK012204001172 | D50: 50020 | E50: นาย นิรัญ บุราคร | J50: 5150 | P50: 5150 | Q50: =SUM(F50+G50+H50+I50+J50+K50+L50+M50+N50+O50-P50) -> 0 | R50: Katae BKK
A51: 47 | B51: 44661 | C51: STHBKK012204001175 | D51: 52669 | E51: บริษัท โคบาราเอฟโวลูชั่น (ประเทศไทย)จำกัด | I51: 61650 | P51: 61650 | Q51: =SUM(F51+G51+H51+I51+J51+K51+L51+M51+N51+O51-P51) -> 0 | R51: Katae BKK
A52: 48 | B52: 44661 | C52: STHBKK012204001177 | D52: 62146 | E52: นางสาว พิกุล กลิ่นฟุ้ง | I52: 1750 | P52: 1750 | Q52: =SUM(F52+G52+H52+I52+J52+K52+L52+M52+N52+O52-P52) -> 0 | R52: Katae BKK
A53: 49 | B53: 44661 | C53: STHBKK012204001178 | D53: 43395 | E53: นางสาว เรวดี พลเยี่ยม | I53: 400 | P53: 400 | Q53: =SUM(F53+G53+H53+I53+J53+K53+L53+M53+N53+O53-P53) -> 0 | R53: Katae BKK
A54: 50 | B54: 44661 | C54: STHBKK012204001179 | D54: 30248 | E54: นางสาว ยุพิน กรลำ | I54: 2650 | P54: 2650 | Q54: =SUM(F54+G54+H54+I54+J54+K54+L54+M54+N54+O54-P54) -> 0 | R54: Katae BKK
A55: 51 | B55: 44661 | C55: STHBKK012204001180 | D55: 55461 | E55: นาย ชัยภูมิ น้อยม่วง | J55: 10000 | P55: 10000 | Q55: =SUM(F55+G55+H55+I55+J55+K55+L55+M55+N55+O55-P55) -> 0 | R55: BKK-Neng
A56: 52 | B56: 44661 | C56: STHBKK012204001181 | D56: 67068 | E56: นางสาว โชคจุฑานันท์ วรนุชนพฤทธิ์ | I56: 1600 | P56: 1600 | Q56: =SUM(F56+G56+H56+I56+J56+K56+L56+M56+N56+O56-P56) -> 0 | R56: PoonBKK
A57: 53 | B57: 44661 | C57: STHBKK012204001182 | D57: 67068 | E57: นางสาว โชคจุฑานันท์ วรนุชนพฤทธิ์ | I57: 1250 | P57: 1250 | Q57: =SUM(F57+G57+H57+I57+J57+K57+L57+M57+N57+O57-P57) -> 0 | R57: PoonBKK
A58: 54 | B58: 44661 | C58: STHBKK012204001184 | D58: 52083 | E58: บริษัท ศรีทวีรุ่งโรจน์ จำกัด(สำนักงานใหญ่) | I58: 30000 | P58: 30000 | Q58: =SUM(F58+G58+H58+I58+J58+K58+L58+M58+N58+O58-P58) -> 0 | R58: Katae BKK
A59: 55 | B59: 44661 | C59: STHBKK012204001185 | D59: 39385 | E59: นาย เรือง อู่อรุณ | J59: 6400 | P59: 6400 | Q59: =SUM(F59+G59+H59+I59+J59+K59+L59+M59+N59+O59-P59) -> 0 | R59: Katae BKK
A60: 56 | B60: 44661 | C60: STHBKK012204001187 | D60: 36903 | E60: นางสาว จุฑารัตน์ ตรงดี | I60: 4500 | P60: 4500 | Q60: =SUM(F60+G60+H60+I60+J60+K60+L60+M60+N60+O60-P60) -> 0 | R60: Katae BKK
A61: 57 | B61: 44661 | C61: STHBKK012204001188 | D61: 46778 | E61: นาย ปรีชา แก้วโกถม | J61: 10000 | P61: 10000 | Q61: =SUM(F61+G61+H61+I61+J61+K61+L61+M61+N61+O61-P61) -> 0 | R61: PoonBKK
A62: 58 | B62: 44661 | C62: STHBKK012204001189 | D62: 46778 | E62: นาย ปรีชา แก้วโกถม | I62: 1000 | P62: 1000 | Q62: =SUM(F62+G62+H62+I62+J62+K62+L62+M62+N62+O62-P62) -> 0 | R62: bkk-aoeng
A63: 59 | B63: 44661 | C63: STHBKK012204001190 | D63: 54226 | E63: นาง กาญจนา จันทรมณี | I63: 600 | P63: 600 | Q63: =SUM(F63+G63+H63+I63+J63+K63+L63+M63+N63+O63-P63) -> 0 | R63: bkk-aoeng
A64: 60 | B64: 44661 | C64: STHBKK012204001191 | D64: 53249 | E64: ห้างหุ้นส่วนจำกัด ปูแดงพารวย ( สำนักงานใหญ่) | F64: 7500 | J64: 7500 | P64: 15000 | Q64: =SUM(F64+G64+H64+I64+J64+K64+L64+M64+N64+O64-P64) -> 0 | R64: PoonBKK
A65: 61 | B65: 44661 | C65: STHBKK012204001192 | D65: 53249 | E65: ห้างหุ้นส่วนจำกัด ปูแดงพารวย ( สำนักงานใหญ่) | F65: 200 | P65: 200 | Q65: =SUM(F65+G65+H65+I65+J65+K65+L65+M65+N65+O65-P65) -> 0 | R65: PoonBKK
A66: 62 | B66: 44661 | C66: STHBKK012204001193 | D66: 10006 | E66: บริษัท ดีเวย์ ริชคอร์ป จำกัด(สำนักงานใหญ่) | I66: 25000 | P66: 25000 | Q66: =SUM(F66+G66+H66+I66+J66+K66+L66+M66+N66+O66-P66) -> 0 | R66: PoonBKK
A67: 63 | B67: 44661 | C67: STHBKK012204001194 | D67: 10006 | E67: บริษัท ดีเวย์ ริชคอร์ป จำกัด(สำนักงานใหญ่) | I67: 12500 | P67: 12500 | Q67: =SUM(F67+G67+H67+I67+J67+K67+L67+M67+N67+O67-P67) -> 0 | R67: PoonBKK
A68: 64 | B68: 44661 | C68: STHBKK012204001195 | D68: 21937 | E68: รวมพล บุญยัง | J68: 28750 | P68: 28750 | Q68: =SUM(F68+G68+H68+I68+J68+K68+L68+M68+N68+O68-P68) -> 0 | R68: Katae BKK
A69: 65 | B69: 44661 | C69: STHBKK012204001196 | D69: 36918 | E69: นาย ณฐพนธ์ ศรีศักดา | F69: 18750 | P69: 18750 | Q69: =SUM(F69+G69+H69+I69+J69+K69+L69+M69+N69+O69-P69) -> 0 | R69: PoonBKK
A70: 66 | B70: 44661 | C70: STHBKK012204001197 | D70: 36918 | E70: นาย ณฐพนธ์ ศรีศักดา | G70: 3600 | P70: 3600 | Q70: =SUM(F70+G70+H70+I70+J70+K70+L70+M70+N70+O70-P70) -> 0 | R70: PoonBKK
A71: 67 | B71: 44661 | C71: STHBKK012204001199 | D71: 50595 | E71: บริษัท แก้วแกมทอง เทรดดิ้ง จำกัด (สำนักงานใหญ่) | G71: 1450 | P71: 1450 | Q71: =SUM(F71+G71+H71+I71+J71+K71+L71+M71+N71+O71-P71) -> 0 | R71: PoonBKK
A72: 68 | B72: 44661 | C72: STHBKK012204001200 | D72: 51406 | E72: บริษัท สวนสุข จำกัด(สำนักงานใหญ่) | G72: 48400 | P72: 48400 | Q72: =SUM(F72+G72+H72+I72+J72+K72+L72+M72+N72+O72-P72) -> 0 | R72: PoonBKK
A73: 69 | B73: 44660 | C73: STHONLIN2204000240 | D73: 51017 | E73: บริษัท ต.ศรีโสภณ จำกัด (สำนักงานใหญ่) | H73: 72000 | P73: 72000 | Q73: =SUM(F73+G73+H73+I73+J73+K73+L73+M73+N73+O73-P73) -> 0
A74: 70 | B74: 44661 | C74: STHONLIN2204000242 | D74: 48234 | E74: นาย กมล อินอ่อน | K74: 50 | O74: 2100 | P74: 2150 | Q74: =SUM(F74+G74+H74+I74+J74+K74+L74+M74+N74+O74-P74) -> 0
A75: 71 | B75: 44661 | C75: STHONLIN2204000243 | D75: 59331 | E75: นาย ปวีรศักดิ์ ฟ้าเฟื่องวิทยากุล | O75: 3600 | P75: 3600 | Q75: =SUM(F75+G75+H75+I75+J75+K75+L75+M75+N75+O75-P75) -> 0
A76: 72 | B76: 44661 | C76: STHONLIN2204000245 | D76: 57670 | E76: นางสาว สุภิญญา ทับปาน | O76: 23400 | P76: 23400 | Q76: =SUM(F76+G76+H76+I76+J76+K76+L76+M76+N76+O76-P76) -> 0
A77: 73 | B77: 44661 | C77: STHONLIN2204000246 | D77: 59137 | E77: นางสาว ศรันยา ระเห็จหาญ | H77: 1250 | P77: 1250 | Q77: =SUM(F77+G77+H77+I77+J77+K77+L77+M77+N77+O77-P77) -> 0
A78: 74 | B78: 44661 | C78: STHONLIN2204000247 | D78: 68079 | E78: นาย ศุภกฤต เดชะนามเมือง | K78: 200 | O78: 1000 | P78: 1200 | Q78: =SUM(F78+G78+H78+I78+J78+K78+L78+M78+N78+O78-P78) -> 0
A79: 75 | B79: 44661 | C79: STHONLIN2204000248 | D79: 50222 | E79: บริษัท หลานหยิน จำกัด ( สำนักงานใหญ่ ) | H79: 2500 | P79: 2500 | Q79: =SUM(F79+G79+H79+I79+J79+K79+L79+M79+N79+O79-P79) -> 0
A80: 76 | B80: 44661 | C80: STHONLIN2204000249 | D80: 67371 | E80: นางสาว ปิยมณฑ์ ชัยเสนา | K80: 200 | O80: 1000 | P80: 1200 | Q80: =SUM(F80+G80+H80+I80+J80+K80+L80+M80+N80+O80-P80) -> 0
A81: 77 | B81: 44661 | C81: STHONLIN2204000251 | D81: 49918 | E81: นาย เกียรติศักดิ์ อาดมะเร๊ะ | H81: 5700 | P81: 5700 | Q81: =SUM(F81+G81+H81+I81+J81+K81+L81+M81+N81+O81-P81) -> 0
A82: 78 | B82: 44661 | C82: STHONLIN2204000252 | D82: 55179 | E82: นางสาว รชตวรรณ วรรณศรี | H82: 2500 | P82: 2500 | Q82: =SUM(F82+G82+H82+I82+J82+K82+L82+M82+N82+O82-P82) -> 0
A83: 79 | B83: 44661 | C83: STHONLIN2204000253 | D83: 55179 | E83: นางสาว รชตวรรณ วรรณศรี | H83: 6000 | P83: 6000 | Q83: =SUM(F83+G83+H83+I83+J83+K83+L83+M83+N83+O83-P83) -> 0
A84: 80 | B84: 44661 | C84: STHONLIN2204000254 | D84: 69311 | E84: นาย อ่างคำ พมมะจัก | K84: 27000 | P84: 27000 | Q84: =SUM(F84+G84+H84+I84+J84+K84+L84+M84+N84+O84-P84) -> 0
A85: 81 | B85: 44661 | C85: STHONLIN2204000255 | D85: 63613 | E85: นางสาว ธนัญญา พิพิธวณิชการ | K85: 10000 | P85: 10000 | Q85: =SUM(F85+G85+H85+I85+J85+K85+L85+M85+N85+O85-P85) -> 0
A86: 82 | B86: 44661 | C86: STHONLIN2204000256 | D86: 47179 | E86: บริษัท ต้องรวย จำกัด ( สำนักงานใหญ่ ) | H86: 9450 | P86: 9450 | Q86: =SUM(F86+G86+H86+I86+J86+K86+L86+M86+N86+O86-P86) -> 0
A87: 83 | B87: 44661 | C87: STHONLIN2204000257 | D87: 12102 | E87: บริษัท เจแอลที คอร์ปอเรชั่น จำกัด | H87: 5675 | P87: 5675 | Q87: =SUM(F87+G87+H87+I87+J87+K87+L87+M87+N87+O87-P87) -> 0
A88: 84 | B88: 44661 | C88: STHONLIN2204000258 | D88: 31927 | E88: นาง ทิพยาภรณ์ ฆ้องวงษ์ | H88: 1250 | P88: 1250 | Q88: =SUM(F88+G88+H88+I88+J88+K88+L88+M88+N88+O88-P88) -> 0
A89: 85 | B89: 44661 | C89: STHONLIN2204000259 | D89: 16726 | E89: วิษณุ สามล | O89: 2400 | P89: 2400 | Q89: =SUM(F89+G89+H89+I89+J89+K89+L89+M89+N89+O89-P89) -> 0
A90: 86 | B90: 44661 | C90: STHONLIN2204000263 | D90: 59904 | E90: นาย สุรทัศน์ เกไธสร | O90: 800 | P90: 800 | Q90: =SUM(F90+G90+H90+I90+J90+K90+L90+M90+N90+O90-P90) -> 0
A91: 87 | B91: 44661 | C91: STHONLIN2204000265 | D91: 55446 | E91: นาย ธนวรรธน์ ปราชญ์เรืองนนท์ | H91: 5200 | P91: 5200 | Q91: =SUM(F91+G91+H91+I91+J91+K91+L91+M91+N91+O91-P91) -> 0
F92: =SUM(F5:F91) -> 27850 | G92: =SUM(G4:G91) -> 61450 | H92: =SUM(H4:H91) -> 121525 | I92: =SUM(I5:I91) -> 388825 | J92: =SUM(J5:J91) -> 154550 | K92: =SUM(K5:K91) -> 38280 | L92: =SUM(L4:L91) -> 0 | M92: =SUM(M4:M91) -> 0 | N92: =SUM(N4:N91) -> 0 | O92: =SUM(O4:O91) -> 34300 | P92: =SUM(P5:P91) -> 886280 | Q92: =SUM(Q5:Q91) -> -59500
F93: =F92+G92+H92+I92+J92+K92+L92+M92+N92+O92 -> 826780
F100: า

Sheet 11.04.65
A1: DAILY SALE 11 APRIL 2022
A2: NO | B2: วันที่ | C2: เลขออเดอร์ | D2: รหัส | E2: Name | F2: Payment | R2: CS ผู้คีย์บิล
F3: Cash | G3: Credit Card | I3: Tranfer Money | K3: E-WALLET | L3: Paypal | M3: qr paymet | N3: หักคอม | O3: ARP | P3: ยอดในระบบ | Q3: ผลต่าง
G4: Front Office | H4: Online | I4: KBANK | J4: KTB
A5: 1 | B5: 44662 | C5: STHBKK012204001202 | D5: 55992 | E5: นาย จักรพงศ์ เพชรเหลี่ยม | I5: 625 | P5: 625 | Q5: =SUM(F5+G5+H5+I5+J5+K5+L5+M5+N5+O5-P5) -> 0 | R5: Katae BKK
A6: 2 | B6: 44662 | C6: STHBKK012204001203 | D6: 49825 | E6: นางสาว ยูรีนา เกษา | I6: 200 | P6: 200 | Q6: =SUM(F6+G6+H6+I6+J6+K6+L6+M6+N6+O6-P6) -> 0 | R6: Katae BKK
A7: 3 | B7: 44662 | C7: STHBKK012204001204 | D7: 36769 | E7: นาย ยศพัทธิ์ ศรีอุทิศ | I7: 21500 | P7: 21500 | Q7: =SUM(F7+G7+H7+I7+J7+K7+L7+M7+N7+O7-P7) -> 0 | R7: Katae BKK
A8: 4 | B8: 44662 | C8: STHBKK012204001205 | D8: 36769 | E8: นาย ยศพัทธิ์ ศรีอุทิศ | I8: 10300 | P8: 10300 | Q8: =SUM(F8+G8+H8+I8+J8+K8+L8+M8+N8+O8-P8) -> 0 | R8: Katae BKK
A9: 5 | B9: 44662 | C9: STHBKK012204001207 | D9: 48716 | E9: นาง นิพาพร อินเถื่อน | I9: 5000 | P9: 5000 | Q9: =SUM(F9+G9+H9+I9+J9+K9+L9+M9+N9+O9-P9) -> 0 | R9: Katae BKK
A10: 6 | B10: 44662 | C10: STHBKK012204001209 | D10: 27066 | E10: นาย ชลธี จันทโคตร | I10: 34000 | P10: 34000 | Q10: =SUM(F10+G10+H10+I10+J10+K10+L10+M10+N10+O10-P10) -> 0 | R10: PoonBKK
A11: 7 | B11: 44662 | C11: STHBKK012204001210 | D11: 67120 | E11: นางสาว อารีรัตน์ กู้กำพล | I11: 500 | P11: 500 | Q11: =SUM(F11+G11+H11+I11+J11+K11+L11+M11+N11+O11-P11) -> 0 | R11: PoonBKK
A12: 8 | B12: 44662 | C12: STHBKK012204001211 | D12: 45096 | E12: นาย วิเชษฐ สกุลหอม | I12: 15000 | P12: 15000 | Q12: =SUM(F12+G12+H12+I12+J12+K12+L12+M12+N12+O12-P12) -> 0 | R12: bkk-aoeng
A13: 9 | B13: 44662 | C13: STHBKK012204001212 | D13: 53717 | E13: นางสาว จุฑามาศ ด้วงฟู | J13: 5150 | P13: 5150 | Q13: =SUM(F13+G13+H13+I13+J13+K13+L13+M13+N13+O13-P13) -> 0 | R13: PoonBKK
A14: 10 | B14: 44662 | C14: STHBKK012204001213 | D14: 69317 | E14: นาย เกียรติชัย แซ่เท้า | J14: 27000 | P14: 27000 | Q14: =SUM(F14+G14+H14+I14+J14+K14+L14+M14+N14+O14-P14) -> 0 | R14: PoonBKK
A15: 11 | B15: 44662 | C15: STHBKK012204001215 | D15: 49864 | E15: นางสาว ธนิดา แสงจันทร์ | I15: 2500 | P15: 2500 | Q15: =SUM(F15+G15+H15+I15+J15+K15+L15+M15+N15+O15-P15) -> 0 | R15: bkk-aoeng
A16: 12 | B16: 44662 | C16: STHBKK012204001216 | D16: 51017 | E16: บริษัท ต.ศรีโสภณ จำกัด (สำนักงานใหญ่) | H16: 63500 | P16: 63500 | Q16: =SUM(F16+G16+H16+I16+J16+K16+L16+M16+N16+O16-P16) -> 0 | R16: Katae BKK
A17: 13 | B17: 44662 | C17: STHBKK012204001217 | D17: 10006 | E17: บริษัท ดีเวย์ ริชคอร์ป จำกัด(สำนักงานใหญ่) | I17: 3050 | P17: 3050 | Q17: =SUM(F17+G17+H17+I17+J17+K17+L17+M17+N17+O17-P17) -> 0 | R17: PoonBKK
A18: 14 | B18: 44662 | C18: STHBKK012204001218 | D18: 52032 | E18: นางสาว กาญจนา จองเกียรติ์ | I18: 5700 | P18: 5700 | Q18: =SUM(F18+G18+H18+I18+J18+K18+L18+M18+N18+O18-P18) -> 0 | R18: bkk-aoeng
A19: 15 | B19: 44662 | C19: STHBKK012204001219 | D19: 10006 | E19: บริษัท ดีเวย์ ริชคอร์ป จำกัด(สำนักงานใหญ่) | I19: 7400 | P19: 7400 | Q19: =SUM(F19+G19+H19+I19+J19+K19+L19+M19+N19+O19-P19) -> 0 | R19: PoonBKK
A20: 16 | B20: 44662 | C20: STHBKK012204001220 | D20: 47787 | E20: ห้างหุ้นส่วนจำกัด โกรท โกลเบิล เน็ตเวิร์ก (สำนักงานใหญ่) | I20: 2500 | P20: 2500 | Q20: =SUM(F20+G20+H20+I20+J20+K20+L20+M20+N20+O20-P20) -> 0 | R20: Katae BKK
A21: 17 | B21: 44662 | C21: STHBKK012204001221 | D21: 52396 | E21: นาง รัตนกร ไม้แดง | J21: 20000 | P21: 20000 | Q21: =SUM(F21+G21+H21+I21+J21+K21+L21+M21+N21+O21-P21) -> 0 | R21: bkk-aoeng
A22: 18 | B22: 44662 | C22: STHBKK012204001222 | D22: 33065 | E22: นางสาว สุภาวดี บุญเพ็ชร | I22: 5150 | P22: 5150 | Q22: =SUM(F22+G22+H22+I22+J22+K22+L22+M22+N22+O22-P22) -> 0 | R22: Katae BKK
A23: 19 | B23: 44662 | C23: STHBKK012204001223 | D23: 49658 | E23: มาลี เวียงบาล | I23: 1450 | P23: 1450 | Q23: =SUM(F23+G23+H23+I23+J23+K23+L23+M23+N23+O23-P23) -> 0 | R23: PoonBKK
A24: 20 | B24: 44662 | C24: STHBKK012204001224 | D24: 42071 | E24: โสภิต เกลี้ยงประไพ | J24: 2500 | P24: 2500 | Q24: =SUM(F24+G24+H24+I24+J24+K24+L24+M24+N24+O24-P24) -> 0 | R24: Katae BKK
A25: 21 | B25: 44662 | C25: STHBKK012204001225 | D25: 51939 | E25: บริษัท รินทร์รฐา กรุ๊ป จำกัด(สำนักงานใหญ่) | I25: 18900 | P25: 18900 | Q25: =SUM(F25+G25+H25+I25+J25+K25+L25+M25+N25+O25-P25) -> 0 | R25: bkk-aoeng
A26: 22 | B26: 44662 | C26: STHBKK012204001226 | D26: 65997 | E26: นางสาว ประภาพรรณ ยัฆพันธ์ | I26: 3900 | P26: 3900 | Q26: =SUM(F26+G26+H26+I26+J26+K26+L26+M26+N26+O26-P26) -> 0 | R26: bkk-aoeng
A27: 23 | B27: 44662 | C27: STHBKK012204001227 | D27: 48910 | E27: วาสนา ดิษปัญญา | I27: 500 | P27: 500 | Q27: =SUM(F27+G27+H27+I27+J27+K27+L27+M27+N27+O27-P27) -> 0 | R27: Katae BKK
A28: 24 | B28: 44662 | C28: STHBKK012204001228 | D28: 48910 | E28: วาสนา ดิษปัญญา | I28: 5350 | P28: 5350 | Q28: =SUM(F28+G28+H28+I28+J28+K28+L28+M28+N28+O28-P28) -> 0 | R28: Katae BKK
A29: 25 | B29: 44662 | C29: STHBKK012204001229 | D29: 53031 | E29: นางสาว ชณิกาณ โพธิ์ไกร | J29: 5000 | P29: 5000 | Q29: =SUM(F29+G29+H29+I29+J29+K29+L29+M29+N29+O29-P29) -> 0 | R29: Katae BKK
A30: 26 | B30: 44662 | C30: STHBKK012204001231 | D30: 57087 | E30: นาย พิบูลย์ คล่องสั่งสอน | F30: 3850 | P30: 3850 | Q30: =SUM(F30+G30+H30+I30+J30+K30+L30+M30+N30+O30-P30) -> 0 | R30: Katae BKK
A31: 27 | B31: 44662 | C31: STHBKK012204001232 | D31: 42046 | E31: นาย ธนกร อภัยพงศ์ | G31: 25000 | P31: 25000 | Q31: =SUM(F31+G31+H31+I31+J31+K31+L31+M31+N31+O31-P31) -> 0 | R31: bkk-aoeng
A32: 28 | B32: 44662 | C32: STHBKK012204001233 | D32: 57087 | E32: นาย พิบูลย์ คล่องสั่งสอน | F32: 8100 | P32: 8100 | Q32: =SUM(F32+G32+H32+I32+J32+K32+L32+M32+N32+O32-P32) -> 0 | R32: Katae BKK
A33: 29 | B33: 44662 | C33: STHBKK012204001234 | D33: 54816 | E33: นาย มนตรี จันทรวิวัฒน์ | J33: 2150 | P33: 2150 | Q33: =SUM(F33+G33+H33+I33+J33+K33+L33+M33+N33+O33-P33) -> 0 | R33: bkk-aoeng
A34: 30 | B34: 44662 | C34: STHBKK012204001235 | D34: 48854 | E34: ธนวรรธน์ สุขจิตร | J34: 5000 | P34: 5000 | Q34: =SUM(F34+G34+H34+I34+J34+K34+L34+M34+N34+O34-P34) -> 0 | R34: bkk-aoeng
A35: 31 | B35: 44662 | C35: STHBKK012204001236 | D35: 48854 | E35: ธนวรรธน์ สุขจิตร | J35: 5000 | P35: 5000 | Q35: =SUM(F35+G35+H35+I35+J35+K35+L35+M35+N35+O35-P35) -> 0 | R35: bkk-aoeng
A36: 32 | B36: 44662 | C36: STHBKK012204001237 | D36: 58678 | E36: นาย สมคิด ปรางวิรุฬห์ | J36: 5000 | P36: 5000 | Q36: =SUM(F36+G36+H36+I36+J36+K36+L36+M36+N36+O36-P36) -> 0 | R36: Katae BKK
A37: 33 | B37: 44662 | C37: STHBKK012204001238 | D37: 58678 | E37: นาย สมคิด ปรางวิรุฬห์ | J37: 1250 | P37: 1250 | Q37: =SUM(F37+G37+H37+I37+J37+K37+L37+M37+N37+O37-P37) -> 0 | R37: Katae BKK
A38: 34 | B38: 44662 | C38: STHBKK012204001239 | D38: 52669 | E38: บริษัท โคบาราเอฟโวลูชั่น (ประเทศไทย)จำกัด | I38: 2500 | P38: 2500 | Q38: =SUM(F38+G38+H38+I38+J38+K38+L38+M38+N38+O38-P38) -> 0 | R38: Katae BKK
A39: 35 | B39: 44662 | C39: STHBKK012204001240 | D39: 48973 | E39: นาย สิริศักดิ์ นมพุก | I39: 300 | P39: 300 | Q39: =SUM(F39+G39+H39+I39+J39+K39+L39+M39+N39+O39-P39) -> 0 | R39: lFrAmEl
A40: 36 | B40: 44662 | C40: STHBKK012204001241 | D40: 56099 | E40: นางสาว อัจฉรา เสาวรส | I40: 5000 | P40: 5000 | Q40: =SUM(F40+G40+H40+I40+J40+K40+L40+M40+N40+O40-P40) -> 0 | R40: PoonBKK
A41: 37 | B41: 44662 | C41: STHBKK012204001242 | D41: 58465 | E41: นางสาว เสาวลักษณ์ รงค์ทอง | I41: 5000 | P41: 5000 | Q41: =SUM(F41+G41+H41+I41+J41+K41+L41+M41+N41+O41-P41) -> 0 | R41: PoonBKK
A42: 38 | B42: 44662 | C42: STHBKK012204001243 | D42: 45096 | E42: นาย วิเชษฐ สกุลหอม | I42: 15000 | P42: 15000 | Q42: =SUM(F42+G42+H42+I42+J42+K42+L42+M42+N42+O42-P42) -> 0 | R42: PoonBKK
A43: 39 | B43: 44662 | C43: STHBKK012204001244 | D43: 51848 | E43: นาย สุทธิ คำบุญ | J43: 5150 | P43: 5150 | Q43: =SUM(F43+G43+H43+I43+J43+K43+L43+M43+N43+O43-P43) -> 0 | R43: lFrAmEl
A44: 40 | B44: 44662 | C44: STHBKK012204001245 | D44: 30855 | E44: นาย เจษฎา ทับทิม | J44: 33750 | P44: 33750 | Q44: =SUM(F44+G44+H44+I44+J44+K44+L44+M44+N44+O44-P44) -> 0 | R44: lFrAmEl
A45: 41 | B45: 44662 | C45: STHBKK012204001246 | D45: 35220 | E45: นาย ดัสนีย์​ เจะ​เลาะ​ | G45: 15000 | P45: 15000 | Q45: =SUM(F45+G45+H45+I45+J45+K45+L45+M45+N45+O45-P45) -> 0 | R45: PoonBKK
A46: 42 | B46: 44662 | C46: STHBKK012204001247 | D46: 48052 | E46: นาง นภาไพลิน กาละวันต์ | I46: 2500 | P46: 2500 | Q46: =SUM(F46+G46+H46+I46+J46+K46+L46+M46+N46+O46-P46) -> 0 | R46: lFrAmEl
A47: 43 | B47: 44662 | C47: STHBKK012204001248 | D47: 35245 | E47: ร้าน first beautiful | I47: 5000 | P47: 5000 | Q47: =SUM(F47+G47+H47+I47+J47+K47+L47+M47+N47+O47-P47) -> 0 | R47: lFrAmEl
A48: 44 | B48: 44662 | C48: STHBKK012204001249 | D48: 35245 | E48: ร้าน first beautiful | I48: 700 | P48: 700 | Q48: =SUM(F48+G48+H48+I48+J48+K48+L48+M48+N48+O48-P48) -> 0 | R48: lFrAmEl
A49: 45 | B49: 44662 | C49: STHBKK012204001250 | D49: 55613 | E49: นางสาว กรรณิการ์ อ่วมพรม | I49: 3600 | P49: 3600 | Q49: =SUM(F49+G49+H49+I49+J49+K49+L49+M49+N49+O49-P49) -> 0 | R49: lFrAmEl
A50: 46 | B50: 44662 | C50: STHBKK012204001251 | D50: 54581 | E50: นางสาว ภัทร์ปรียา โชคชัย | I50: 3750 | P50: 3750 | Q50: =SUM(F50+G50+H50+I50+J50+K50+L50+M50+N50+O50-P50) -> 0 | R50: PoonBKK
A51: 47 | B51: 44662 | C51: STHBKK012204001252 | D51: 51976 | E51: นาง วรัทยา จันทร์ชื่น | J51: 1400 | P51: 1400 | Q51: =SUM(F51+G51+H51+I51+J51+K51+L51+M51+N51+O51-P51) -> 0 | R51: lFrAmEl
A52: 48 | B52: 44662 | C52: STHBKK012204001253 | D52: 67110 | E52: นาย นพพร ก้อนนคร | I52: 730 | P52: 730 | Q52: =SUM(F52+G52+H52+I52+J52+K52+L52+M52+N52+O52-P52) -> 0 | R52: PoonBKK
A53: 49 | B53: 44662 | C53: STHBKK012204001254 | D53: 13133 | E53: นางสาว มาเรียม ยิ้มสาระ | J53: 15000 | P53: 15000 | Q53: =SUM(F53+G53+H53+I53+J53+K53+L53+M53+N53+O53-P53) -> 0 | R53: bkk-aoeng
A54: 50 | B54: 44662 | C54: STHBKK012204001255 | D54: 57625 | E54: นาย ศิริพักตร์ แม้นประโคน | I54: 8075 | P54: 8075 | Q54: =SUM(F54+G54+H54+I54+J54+K54+L54+M54+N54+O54-P54) -> 0 | R54: lFrAmEl
A55: 51 | B55: 44662 | C55: STHBKK012204001256 | D55: 22332 | E55: นางสาว คณาง ไพรบึง | I55: 10000 | P55: 10000 | Q55: =SUM(F55+G55+H55+I55+J55+K55+L55+M55+N55+O55-P55) -> 0 | R55: PoonBKK
A56: 52 | B56: 44662 | C56: STHBKK012204001257 | D56: 57047 | E56: นาย สนั่น แจ่มแจ้ง | I56: 2025 | P56: 2025 | Q56: =SUM(F56+G56+H56+I56+J56+K56+L56+M56+N56+O56-P56) -> 0 | R56: PoonBKK
A57: 53 | B57: 44662 | C57: STHBKK012204001258 | D57: 62815 | E57: นาง กานดา วงศ์เทพนิวัติ | I57: 15000 | P57: 15000 | Q57: =SUM(F57+G57+H57+I57+J57+K57+L57+M57+N57+O57-P57) -> 0 | R57: lFrAmEl
A58: 54 | B58: 44662 | C58: STHBKK012204001259 | D58: 67048 | E58: นาง สำรวย ไอยเรศ | I58: 27000 | P58: 27000 | Q58: =SUM(F58+G58+H58+I58+J58+K58+L58+M58+N58+O58-P58) -> 0 | R58: lFrAmEl
A59: 55 | B59: 44662 | C59: STHBKK012204001260 | D59: 64290 | E59: นาย วิชัย มั่งสุข | J59: 2650 | P59: 2650 | Q59: =SUM(F59+G59+H59+I59+J59+K59+L59+M59+N59+O59-P59) -> 0 | R59: PoonBKK
A60: 56 | B60: 44662 | C60: STHBKK012204001261 | D60: 66012 | E60: นางสาว พรทิพย์&#8203;วงษ์ชัย | I60: 300 | P60: 300 | Q60: =SUM(F60+G60+H60+I60+J60+K60+L60+M60+N60+O60-P60) -> 0 | R60: PoonBKK
A61: 57 | B61: 44662 | C61: STHBKK012204001262 | D61: 58853 | E61: นาง พิมพ์ภกามาศ ญาติเสมอ | I61: 4650 | P61: 4650 | Q61: =SUM(F61+G61+H61+I61+J61+K61+L61+M61+N61+O61-P61) -> 0 | R61: Katae BKK
A62: 58 | B62: 44662 | C62: STHBKK012204001263 | D62: 35362 | E62: รจนี จันทายืน | I62: 9200 | P62: 9200 | Q62: =SUM(F62+G62+H62+I62+J62+K62+L62+M62+N62+O62-P62) -> 0 | R62: bkk-aoeng
A63: 59 | B63: 44662 | C63: STHBKK012204001264 | D63: 64600 | E63: นาย ประจวบ พวงแก้ว | I63: 2500 | P63: 2500 | Q63: =SUM(F63+G63+H63+I63+J63+K63+L63+M63+N63+O63-P63) -> 0 | R63: lFrAmEl
A64: 60 | B64: 44662 | C64: STHBKK012204001266 | D64: 55409 | E64: นาง กรรณิการ์ คล้ายแก้ว | I64: 10000 | P64: 10000 | Q64: =SUM(F64+G64+H64+I64+J64+K64+L64+M64+N64+O64-P64) -> 0 | R64: bkk-aoeng
A65: 61 | B65: 44662 | C65: STHBKK012204001268 | D65: 36690 | E65: นาย รุสดี หลังเกต | I65: 700 | P65: 700 | Q65: =SUM(F65+G65+H65+I65+J65+K65+L65+M65+N65+O65-P65) -> 0 | R65: PoonBKK
A66: 62 | B66: 44662 | C66: STHBKK012204001269 | D66: 25650 | E66: นาง ศศกร อมตวงษ์ | I66: 9000 | K66: 9000 | P66: 18000 | Q66: =SUM(F66+G66+H66+I66+J66+K66+L66+M66+N66+O66-P66) -> 0 | R66: bkk-aoeng
A67: 63 | B67: 44662 | C67: STHBKK012204001270 | D67: 63017 | E67: บริษัท ช็อปจีนิกซ์ จำกัด (สำนักงานใหญ่) | I67: 7000 | P67: 7000 | Q67: =SUM(F67+G67+H67+I67+J67+K67+L67+M67+N67+O67-P67) -> 0 | R67: Katae BKK
A68: 64 | B68: 44662 | C68: STHBKK012204001271 | D68: 21818 | E68: ห้างหุ้นส่วนจำกัด ไดม่อนอันดามัน เน็ตเวิร์ค (สำนักงานใหญ่) | K68: 5000 | P68: 5000 | Q68: =SUM(F68+G68+H68+I68+J68+K68+L68+M68+N68+O68-P68) -> 0 | R68: PoonBKK
A69: 65 | B69: 44662 | C69: STHBKK012204001273 | D69: 21818 | E69: ห้างหุ้นส่วนจำกัด ไดม่อนอันดามัน เน็ตเวิร์ค (สำนักงานใหญ่) | K69: 5000 | P69: 5000 | Q69: =SUM(F69+G69+H69+I69+J69+K69+L69+M69+N69+O69-P69) -> 0 | R69: PoonBKK
A70: 66 | B70: 44662 | C70: STHBKK012204001275 | D70: 52206 | E70: นาย ภูวกร บวรฉัตรชาตรี | I70: 1400 | P70: 1400 | Q70: =SUM(F70+G70+H70+I70+J70+K70+L70+M70+N70+O70-P70) -> 0 | R70: Katae BKK
A71: 67 | B71: 44662 | C71: STHBKK012204001276 | D71: 21818 | E71: ห้างหุ้นส่วนจำกัด ไดม่อนอันดามัน เน็ตเวิร์ค (สำนักงานใหญ่) | K71: 5000 | P71: 5000 | Q71: =SUM(F71+G71+H71+I71+J71+K71+L71+M71+N71+O71-P71) -> 0 | R71: PoonBKK
A72: 68 | B72: 44662 | C72: STHBKK012204001278 | D72: 58936 | E72: นาย สมคิด คงวิริยะโสภณ | J72: 15000 | P72: 15000 | Q72: =SUM(F72+G72+H72+I72+J72+K72+L72+M72+N72+O72-P72) -> 0 | R72: bkk-aoeng
A73: 69 | B73: 44662 | C73: STHBKK012204001279 | D73: 59778 | E73: นาย กอบชัย ศิริคุม | I73: 20000 | P73: 20000 | Q73: =SUM(F73+G73+H73+I73+J73+K73+L73+M73+N73+O73-P73) -> 0 | R73: bkk-aoeng
A74: 70 | B74: 44662 | C74: STHBKK012204001280 | D74: 52206 | E74: นาย ภูวกร บวรฉัตรชาตรี | I74: 10000 | P74: 10000 | Q74: =SUM(F74+G74+H74+I74+J74+K74+L74+M74+N74+O74-P74) -> 0 | R74: Katae BKK
A75: 71 | B75: 44662 | C75: STHBKK012204001281 | D75: 35227 | E75: นาย พีรพงศ์ ภรประเสริฐศรี | F75: 400 | P75: 400 | Q75: =SUM(F75+G75+H75+I75+J75+K75+L75+M75+N75+O75-P75) -> 0 | R75: bkk-aoeng
A76: 72 | B76: 44662 | C76: STHBKK012204001282 | D76: 43561 | E76: นางสาว กวิตา จิราภาณุวัฒน์ | I76: 1340 | P76: 1340 | Q76: =SUM(F76+G76+H76+I76+J76+K76+L76+M76+N76+O76-P76) -> 0 | R76: Katae BKK
A77: 73 | B77: 44662 | C77: STHBKK012204001283 | D77: 21818 | E77: ห้างหุ้นส่วนจำกัด ไดม่อนอันดามัน เน็ตเวิร์ค (สำนักงานใหญ่) | K77: 31850 | P77: 31850 | Q77: =SUM(F77+G77+H77+I77+J77+K77+L77+M77+N77+O77-P77) -> 0 | R77: PoonBKK
A78: 74 | B78: 44662 | C78: STHBKK012204001284 | D78: 35227 | E78: นาย พีรพงศ์ ภรประเสริฐศรี | F78: 1450 | P78: 1450 | Q78: =SUM(F78+G78+H78+I78+J78+K78+L78+M78+N78+O78-P78) -> 0 | R78: PoonBKK
A79: 75 | B79: 44662 | C79: STHBKK012204001285 | D79: 50593 | E79: บริษัท วี.เอ็น.ซี.สกินแคร์ จำกัด ( สำนักงานใหญ่ ) | I79: 70200 | P79: 70200 | Q79: =SUM(F79+G79+H79+I79+J79+K79+L79+M79+N79+O79-P79) -> 0 | R79: Katae BKK
A80: 76 | B80: 44662 | C80: STHBKK012204001288 | D80: 58506 | E80: นางสาว เนตยา ตั้งพงษ์ | J80: 2650 | P80: 2650 | Q80: =SUM(F80+G80+H80+I80+J80+K80+L80+M80+N80+O80-P80) -> 0 | R80: PoonBKK
A81: 77 | B81: 44662 | C81: STHBKK012204001289 | D81: 22332 | E81: นางสาว คณาง ไพรบึง | I81: 5775 | P81: 5775 | Q81: =SUM(F81+G81+H81+I81+J81+K81+L81+M81+N81+O81-P81) -> 0 | R81: PoonBKK
A82: 78 | B82: 44662 | C82: STHBKK012204001293 | D82: 49953 | E82: บริษัท ฟองใหญ่ จำกัด (สำนักงานใหญ่) | H82: 21500 | P82: 21500 | Q82: =SUM(F82+G82+H82+I82+J82+K82+L82+M82+N82+O82-P82) -> 0 | R82: Katae BKK
A83: 79 | B83: 44662 | C83: STHBKK012204001295 | D83: 52247 | E83: นางสาว ธันย์ณิชา ชำนาญป่า | I83: 15600 | P83: 15600 | Q83: =SUM(F83+G83+H83+I83+J83+K83+L83+M83+N83+O83-P83) -> 0 | R83: bkk-aoeng
A84: 80 | B84: 44662 | C84: STHBKK012204001297 | D84: 21821 | E84: ห้างหุ้นส่วนจำกัด เครือข่ายปิยธนา ( สำนักงานใหญ่ ) | I84: 15000 | P84: 15000 | Q84: =SUM(F84+G84+H84+I84+J84+K84+L84+M84+N84+O84-P84) -> 0 | R84: PoonBKK
A85: 81 | B85: 44662 | C85: STHBKK012204001298 | D85: 10006 | E85: บริษัท ดีเวย์ ริชคอร์ป จำกัด(สำนักงานใหญ่) | F85: 100 | P85: 100 | Q85: =SUM(F85+G85+H85+I85+J85+K85+L85+M85+N85+O85-P85) -> 0 | R85: Katae BKK
A86: 82 | B86: 44662 | C86: STHBKK012204001299 | D86: 54122 | E86: นาง สนทนา อินลีย์ | J86: 27000 | P86: 27000 | Q86: =SUM(F86+G86+H86+I86+J86+K86+L86+M86+N86+O86-P86) -> 0 | R86: PoonBKK
A87: 83 | B87: 44662 | C87: STHBKK012204001300 | D87: 56747 | E87: นางสาว สุปรานี เขียวแดง | J87: 26450 | P87: 26450 | Q87: =SUM(F87+G87+H87+I87+J87+K87+L87+M87+N87+O87-P87) -> 0 | R87: PoonBKK
A88: 84 | B88: 44662 | C88: STHBKK012204001301 | D88: 44149 | E88: นางสาว วณัฐกมล วิไลลักษณ์ | I88: 57000 | P88: 57000 | Q88: =SUM(F88+G88+H88+I88+J88+K88+L88+M88+N88+O88-P88) -> 0 | R88: PoonBKK
A89: 85 | B89: 44662 | C89: STHBKK012204001302 | D89: 66838 | E89: นาย เสฎฐวุฒิ พนาอภิชน | I89: 22500 | P89: 22500 | Q89: =SUM(F89+G89+H89+I89+J89+K89+L89+M89+N89+O89-P89) -> 0 | R89: PoonBKK
A90: 86 | B90: 44662 | C90: STHBKK012204001303 | D90: 54226 | E90: นาง กาญจนา จันทรมณี | I90: 2650 | P90: 2650 | Q90: =SUM(F90+G90+H90+I90+J90+K90+L90+M90+N90+O90-P90) -> 0 | R90: Katae BKK
A91: 87 | B91: 44662 | C91: STHBKK012204001304 | D91: 48657 | E91: นางสาว กัญญาภัค กำเหนิดผล | I91: 15000 | P91: 15000 | Q91: =SUM(F91+G91+H91+I91+J91+K91+L91+M91+N91+O91-P91) -> 0 | R91: bkk-aoeng
A92: 88 | B92: 44662 | C92: STHBKK012204001305 | D92: 69320 | E92: นาง ยุพิน แย้มอุ่ม | I92: 300 | P92: 300 | Q92: =SUM(F92+G92+H92+I92+J92+K92+L92+M92+N92+O92-P92) -> 0 | R92: Katae BKK
A93: 89 | B93: 44662 | C93: STHBKK012204001306 | D93: 69121 | E93: นางสาว เพ็ญนิภา | G93: 27000 | P93: 27000 | Q93: =SUM(F93+G93+H93+I93+J93+K93+L93+M93+N93+O93-P93) -> 0 | R93: Katae BKK
A94: 90 | B94: 44662 | C94: STHBKK012204001307 | D94: 45227 | E94: นางสาว ประภัสสร ดีดวงพันธ์ | G94: 4950 | P94: 4950 | Q94: =SUM(F94+G94+H94+I94+J94+K94+L94+M94+N94+O94-P94) -> 0 | R94: Katae BKK
A95: 91 | B95: 44662 | C95: STHBKK012204001309 | D95: 50853 | E95: นาย นรุตม์ คุ้มสดวก | I95: 1250 | K95: 1250 | P95: 2500 | Q95: =SUM(F95+G95+H95+I95+J95+K95+L95+M95+N95+O95-P95) -> 0 | R95: bkk-aoeng
A96: 92 | B96: 44662 | C96: STHBKK012204001310 | D96: 48631 | E96: ดร. โนรี เต๊ะหละ | I96: 15750 | P96: 15750 | Q96: =SUM(F96+G96+H96+I96+J96+K96+L96+M96+N96+O96-P96) -> 0 | R96: PoonBKK
A97: 93 | B97: 44662 | C97: STHBKK012204001311 | D97: 35227 | E97: นาย พีรพงศ์ ภรประเสริฐศรี | F97: 220 | P97: 220 | Q97: =SUM(F97+G97+H97+I97+J97+K97+L97+M97+N97+O97-P97) -> 0 | R97: Katae BKK
A98: 94 | B98: 44662 | C98: STHBKK012204001312 | D98: 50436 | E98: นาง พิชาวีร์ บวรธีราเศรษฐ์ | J98: 0 | P98: 300 | Q98: =SUM(F98+G98+H98+I98+J98+K98+L98+M98+N98+O98-P98) -> -300 | R98: ple bkk
A99: 95 | B99: 44662 | C99: STHBKK012204001313 | D99: 50595 | E99: บริษัท แก้วแกมทอง เทรดดิ้ง จำกัด (สำนักงานใหญ่) | I99: 76800 | P99: 76800 | Q99: =SUM(F99+G99+H99+I99+J99+K99+L99+M99+N99+O99-P99) -> 0 | R99: PoonBKK
A100: 96 | B100: 44662 | C100: STHBKK012204001314 | D100: 48052 | E100: นาง นภาไพลิน กาละวันต์ | I100: 625 | P100: 625 | Q100: =SUM(F100+G100+H100+I100+J100+K100+L100+M100+N100+O100-P100) -> 0 | R100: PoonBKK
...

Sheet 12.04.65
A1: DAILY SALE 12 APRIL 2022
A2: NO | B2: วันที่ | C2: เลขออเดอร์ | D2: รหัส | E2: Name | F2: Payment | R2: CS ผู้คีย์บิล
F3: Cash | G3: Credit Card | I3: Tranfer Money | K3: E-WALLET | L3: Paypal | M3: qr paymet | N3: หักคอม | O3: ARP | P3: ยอดในระบบ | Q3: ผลต่าง
G4: Front Office | H4: Online | I4: KBANK | J4: KTB
A5: 1 | B5: 44663 | C5: STHBKK012204001347 | D5: 44149 | E5: นางสาว วณัฐกมล วิไลลักษณ์ | I5: 15000 | P5: 15000 | Q5: =SUM(F5+G5+H5+I5+J5+K5+L5+M5+N5+O5-P5) -> 0 | R5: Katae BKK
A6: 2 | B6: 44663 | C6: STHBKK012204001348 | D6: 57020 | E6: นาย ปรีชา ร่มโพธิ์ทอง | J6: 2650 | P6: 2650 | Q6: =SUM(F6+G6+H6+I6+J6+K6+L6+M6+N6+O6-P6) -> 0 | R6: Katae BKK
A7: 3 | B7: 44663 | C7: STHBKK012204001349 | D7: 53073 | E7: นาย กิตติคม อยู่ภู่ | J7: 850 | P7: 850 | Q7: =SUM(F7+G7+H7+I7+J7+K7+L7+M7+N7+O7-P7) -> 0 | R7: Katae BKK
A8: 4 | B8: 44663 | C8: STHBKK012204001350 | D8: 51939 | E8: บริษัท รินทร์รฐา กรุ๊ป จำกัด(สำนักงานใหญ่) | I8: 18200 | P8: 18200 | Q8: =SUM(F8+G8+H8+I8+J8+K8+L8+M8+N8+O8-P8) -> 0 | R8: Katae BKK
A9: 5 | B9: 44663 | C9: STHBKK012204001353 | D9: 43955 | E9: นาง ศริยา รักษาราษฎร์ | I9: 8150 | P9: 8150 | Q9: =SUM(F9+G9+H9+I9+J9+K9+L9+M9+N9+O9-P9) -> 0 | R9: Katae BKK
A10: 6 | B10: 44663 | C10: STHBKK012204001354 | D10: 64781 | E10: นางสาว นิชธาวัลย์ กันชนะ | I10: 975 | P10: 975 | Q10: =SUM(F10+G10+H10+I10+J10+K10+L10+M10+N10+O10-P10) -> 0 | R10: Katae BKK
A11: 7 | B11: 44663 | C11: STHBKK012204001355 | D11: 64663 | E11: นาง เสาวนีย์ บางศิริ | J11: 3000 | P11: 3000 | Q11: =SUM(F11+G11+H11+I11+J11+K11+L11+M11+N11+O11-P11) -> 0 | R11: Katae BKK
A12: 8 | B12: 44663 | C12: STHBKK012204001356 | D12: 34920 | E12: นางสาว กัญญ์ญภัสส์ ผลิวรรธนะ | I12: 2500 | P12: 2500 | Q12: =SUM(F12+G12+H12+I12+J12+K12+L12+M12+N12+O12-P12) -> 0 | R12: PoonBKK
A13: 9 | B13: 44663 | C13: STHBKK012204001358 | D13: 10250 | E13: นาย สุรวิทย์ ทิพยโสภากุล | J13: 1250 | P13: 1250 | Q13: =SUM(F13+G13+H13+I13+J13+K13+L13+M13+N13+O13-P13) -> 0 | R13: PoonBKK
A14: 10 | B14: 44663 | C14: STHBKK012204001359 | D14: 49825 | E14: นางสาว ยูรีนา เกษา | I14: 4875 | P14: 4875 | Q14: =SUM(F14+G14+H14+I14+J14+K14+L14+M14+N14+O14-P14) -> 0 | R14: PoonBKK
A15: 11 | B15: 44663 | C15: STHBKK012204001360 | D15: 63778 | E15: นางสาว หทัยกาญจน์ นาคทองอินทร์ | F15: 8100 | P15: 8100 | Q15: =SUM(F15+G15+H15+I15+J15+K15+L15+M15+N15+O15-P15) -> 0 | R15: PoonBKK
A16: 12 | B16: 44663 | C16: STHBKK012204001361 | D16: 56365 | E16: นางสาว เบญจมาศ ไชยพฤกษ์ | J16: 5000 | P16: 5000 | Q16: =SUM(F16+G16+H16+I16+J16+K16+L16+M16+N16+O16-P16) -> 0 | R16: PoonBKK
A17: 13 | B17: 44663 | C17: STHBKK012204001362 | D17: 59683 | E17: นาย พิษณุ พันธวงค์ | J17: 5000 | P17: 5000 | Q17: =SUM(F17+G17+H17+I17+J17+K17+L17+M17+N17+O17-P17) -> 0 | R17: PoonBKK
A18: 14 | B18: 44663 | C18: STHBKK012204001363 | D18: 59710 | E18: นาง ชลอ เหมันต์ | J18: 5000 | P18: 5000 | Q18: =SUM(F18+G18+H18+I18+J18+K18+L18+M18+N18+O18-P18) -> 0 | R18: PoonBKK
A19: 15 | B19: 44663 | C19: STHBKK012204001364 | D19: 38576 | E19: นาง บังอร ช่วยประดิษฐ | J19: 3600 | P19: 3600 | Q19: =SUM(F19+G19+H19+I19+J19+K19+L19+M19+N19+O19-P19) -> 0 | R19: PoonBKK
A20: 16 | B20: 44663 | C20: STHBKK012204001365 | D20: 36928 | E20: นาง ฐานมญ ชลคีรี | K20: 4950 | P20: 4950 | Q20: =SUM(F20+G20+H20+I20+J20+K20+L20+M20+N20+O20-P20) -> 0 | R20: PoonBKK
A21: 17 | B21: 44663 | C21: STHBKK012204001366 | D21: 19688 | E21: นางสาว สมคิด ยิ้มสาระ | J21: 11400 | P21: 11400 | Q21: =SUM(F21+G21+H21+I21+J21+K21+L21+M21+N21+O21-P21) -> 0 | R21: Katae BKK
A22: 18 | B22: 44663 | C22: STHBKK012204001367 | D22: 64289 | E22: นาย รพิน สุวรรณพยัคฆ์ | J22: 5000 | P22: 5000 | Q22: =SUM(F22+G22+H22+I22+J22+K22+L22+M22+N22+O22-P22) -> 0 | R22: Katae BKK
A23: 19 | B23: 44663 | C23: STHBKK012204001368 | D23: 43408 | E23: นาย ณัฐพงษ์ ว่องวิการ | J23: 5000 | P23: 5000 | Q23: =SUM(F23+G23+H23+I23+J23+K23+L23+M23+N23+O23-P23) -> 0 | R23: Katae BKK
A24: 20 | B24: 44663 | C24: STHBKK012204001369 | D24: 19688 | E24: นางสาว สมคิด ยิ้มสาระ | J24: 20000 | P24: 20000 | Q24: =SUM(F24+G24+H24+I24+J24+K24+L24+M24+N24+O24-P24) -> 0 | R24: Katae BKK
A25: 21 | B25: 44663 | C25: STHBKK012204001370 | D25: 61641 | E25: นาย วิโรจน์ กันทาสุข | J25: 1450 | P25: 1450 | Q25: =SUM(F25+G25+H25+I25+J25+K25+L25+M25+N25+O25-P25) -> 0 | R25: PoonBKK
A26: 22 | B26: 44663 | C26: STHBKK012204001371 | D26: 39317 | E26: นาง เต็มลักษณ์ ยวงลำใย | J26: 8125 | P26: 8125 | Q26: =SUM(F26+G26+H26+I26+J26+K26+L26+M26+N26+O26-P26) -> 0 | R26: PoonBKK
A27: 23 | B27: 44663 | C27: STHBKK012204001372 | D27: 66774 | E27: นาย ศุภลักษณ์ สิมหะชาติ | J27: 700 | P27: 700 | Q27: =SUM(F27+G27+H27+I27+J27+K27+L27+M27+N27+O27-P27) -> 0 | R27: PoonBKK
A28: 24 | B28: 44663 | C28: STHBKK012204001374 | D28: 69346 | E28: นางสาว นงพงา ตั้งฤทัยเยี่ยม | J28: 27000 | P28: 27000 | Q28: =SUM(F28+G28+H28+I28+J28+K28+L28+M28+N28+O28-P28) -> 0 | R28: PoonBKK
A29: 25 | B29: 44663 | C29: STHBKK012204001376 | D29: 10320 | E29: บริษัท รีโวเด็ค จำกัด (สำนักงานใหญ่) | I29: 29100 | P29: 29100 | Q29: =SUM(F29+G29+H29+I29+J29+K29+L29+M29+N29+O29-P29) -> 0 | R29: PoonBKK
A30: 26 | B30: 44663 | C30: STHBKK012204001378 | D30: 42046 | E30: นาย ธนกร อภัยพงศ์ | I30: 2930 | P30: 2930 | Q30: =SUM(F30+G30+H30+I30+J30+K30+L30+M30+N30+O30-P30) -> 0 | R30: PoonBKK
A31: 27 | B31: 44663 | C31: STHBKK012204001380 | D31: 51017 | E31: บริษัท ต.ศรีโสภณ จำกัด (สำนักงานใหญ่) | H31: 22500 | P31: 22500 | Q31: =SUM(F31+G31+H31+I31+J31+K31+L31+M31+N31+O31-P31) -> 0 | R31: PoonBKK
A32: 28 | B32: 44663 | C32: STHBKK012204001381 | D32: 69347 | E32: นาย สุทิน สงวนทรัพย์ | I32: 27000 | P32: 27000 | Q32: =SUM(F32+G32+H32+I32+J32+K32+L32+M32+N32+O32-P32) -> 0 | R32: Katae BKK
A33: 29 | B33: 44663 | C33: STHBKK012204001383 | D33: 50222 | E33: บริษัท หลานหยิน จำกัด ( สำนักงานใหญ่ ) | I33: 2850 | P33: 2850 | Q33: =SUM(F33+G33+H33+I33+J33+K33+L33+M33+N33+O33-P33) -> 0 | R33: BKK-Neng
A34: 30 | B34: 44663 | C34: STHBKK012204001384 | D34: 63017 | E34: บริษัท ช็อปจีนิกซ์ จำกัด (สำนักงานใหญ่) | I34: 5000 | P34: 5000 | Q34: =SUM(F34+G34+H34+I34+J34+K34+L34+M34+N34+O34-P34) -> 0 | R34: Katae BKK
A35: 31 | B35: 44663 | C35: STHBKK012204001385 | D35: 55224 | E35: นาง น้ำอ้อย นุมขุนทด | I35: 2650 | P35: 2650 | Q35: =SUM(F35+G35+H35+I35+J35+K35+L35+M35+N35+O35-P35) -> 0 | R35: PoonBKK
A36: 32 | B36: 44663 | C36: STHBKK012204001387 | D36: 48053 | E36: นาย ต้นสัก สุคนธรัตน์ | I36: 2700 | P36: 2700 | Q36: =SUM(F36+G36+H36+I36+J36+K36+L36+M36+N36+O36-P36) -> 0 | R36: BKK-Neng
A37: 33 | B37: 44663 | C37: STHBKK012204001388 | D37: 22332 | E37: นางสาว คณาง ไพรบึง | I37: 11500 | P37: 11500 | Q37: =SUM(F37+G37+H37+I37+J37+K37+L37+M37+N37+O37-P37) -> 0 | R37: Katae BKK
A38: 34 | B38: 44663 | C38: STHBKK012204001389 | D38: 50595 | E38: บริษัท แก้วแกมทอง เทรดดิ้ง จำกัด (สำนักงานใหญ่) | H38: 90200 | P38: 90200 | Q38: =SUM(F38+G38+H38+I38+J38+K38+L38+M38+N38+O38-P38) -> 0 | R38: Katae BKK
A39: 35 | B39: 44663 | C39: STHBKK012204001390 | D39: 51069 | E39: นาย วีรกร พงษ์วัน | I39: 1250 | P39: 1250 | Q39: =SUM(F39+G39+H39+I39+J39+K39+L39+M39+N39+O39-P39) -> 0 | R39: PoonBKK
A40: 36 | B40: 44663 | C40: STHBKK012204001391 | D40: 10744 | E40: นาย สหชัย ม่วงกล่ำ | I40: 15000 | P40: 15000 | Q40: =SUM(F40+G40+H40+I40+J40+K40+L40+M40+N40+O40-P40) -> 0 | R40: PoonBKK
A41: 37 | B41: 44663 | C41: STHBKK012204001395 | D41: 58257 | E41: นาย สมชาย โสภา | I41: 45750 | P41: 45750 | Q41: =SUM(F41+G41+H41+I41+J41+K41+L41+M41+N41+O41-P41) -> 0 | R41: BKK-Neng
A42: 38 | B42: 44663 | C42: STHBKK012204001398 | D42: 69350 | E42: นางสาว ลลิตา จินดา | I42: 27000 | P42: 27000 | Q42: =SUM(F42+G42+H42+I42+J42+K42+L42+M42+N42+O42-P42) -> 0 | R42: PoonBKK
A43: 39 | B43: 44663 | C43: STHBKK012204001399 | D43: 69349 | E43: นางสาว เกศกนก สุกสาร | I43: 27000 | P43: 27000 | Q43: =SUM(F43+G43+H43+I43+J43+K43+L43+M43+N43+O43-P43) -> 0 | R43: PoonBKK
A44: 40 | B44: 44663 | C44: STHBKK012204001400 | D44: 69348 | E44: นางสาว ฐิติกาญจน์ เขาทอง | I44: 27000 | P44: 27000 | Q44: =SUM(F44+G44+H44+I44+J44+K44+L44+M44+N44+O44-P44) -> 0 | R44: PoonBKK
A45: 41 | B45: 44663 | C45: STHBKK012204001402 | D45: 26005 | E45: นางสาว กำไร รุ่งกิจกุลภัค | I45: 3600 | P45: 3600 | Q45: =SUM(F45+G45+H45+I45+J45+K45+L45+M45+N45+O45-P45) -> 0 | R45: Katae BKK
A46: 42 | B46: 44663 | C46: STHBKK012204001405 | D46: 26005 | E46: นางสาว กำไร รุ่งกิจกุลภัค | I46: 1400 | P46: 1400 | Q46: =SUM(F46+G46+H46+I46+J46+K46+L46+M46+N46+O46-P46) -> 0 | R46: Katae BKK
A47: 43 | B47: 44663 | C47: STHBKK012204001406 | D47: 22727 | E47: นิรันดร์ สันอีด | I47: 2500 | P47: 2500 | Q47: =SUM(F47+G47+H47+I47+J47+K47+L47+M47+N47+O47-P47) -> 0 | R47: Katae BKK
A48: 44 | B48: 44663 | C48: STHBKK012204001407 | D48: 52479 | E48: นางสาว อุไรวรรณ จันคะณา | I48: 27000 | P48: 27000 | Q48: =SUM(F48+G48+H48+I48+J48+K48+L48+M48+N48+O48-P48) -> 0 | R48: Katae BKK
A49: 45 | B49: 44663 | C49: STHBKK012204001409 | D49: 44149 | E49: นางสาว วณัฐกมล วิไลลักษณ์ | I49: 75000 | P49: 75000 | Q49: =SUM(F49+G49+H49+I49+J49+K49+L49+M49+N49+O49-P49) -> 0 | R49: Katae BKK
A50: 46 | B50: 44663 | C50: STHBKK012204001411 | D50: 69351 | E50: นาย บรรพต ทับกรุง | I50: 27000 | P50: 27000 | Q50: =SUM(F50+G50+H50+I50+J50+K50+L50+M50+N50+O50-P50) -> 0 | R50: PoonBKK
A51: 47 | B51: 44663 | C51: STHBKK012204001412 | D51: 30248 | E51: นางสาว ยุพิน กรลำ | I51: 5150 | P51: 5150 | Q51: =SUM(F51+G51+H51+I51+J51+K51+L51+M51+N51+O51-P51) -> 0 | R51: Katae BKK
A52: 48 | B52: 44663 | C52: STHBKK012204001413 | D52: 60251 | E52: นาย วิทยา จันชา | J52: 1400 | P52: 1400 | Q52: =SUM(F52+G52+H52+I52+J52+K52+L52+M52+N52+O52-P52) -> 0 | R52: PoonBKK
A53: 49 | B53: 44663 | C53: STHBKK012204001414 | D53: 21818 | E53: ห้างหุ้นส่วนจำกัด ไดม่อนอันดามัน เน็ตเวิร์ค (สำนักงานใหญ่) | K53: 15050 | P53: 15050 | Q53: =SUM(F53+G53+H53+I53+J53+K53+L53+M53+N53+O53-P53) -> 0 | R53: Katae BKK
A54: 50 | B54: 44663 | C54: STHBKK012204001415 | D54: 54226 | E54: นาง กาญจนา จันทรมณี | I54: 8275 | P54: 8275 | Q54: =SUM(F54+G54+H54+I54+J54+K54+L54+M54+N54+O54-P54) -> 0 | R54: PoonBKK
A55: 51 | B55: 44663 | C55: STHBKK012204001416 | D55: 52083 | E55: บริษัท ศรีทวีรุ่งโรจน์ จำกัด(สำนักงานใหญ่) | I55: 80500 | P55: 80500 | Q55: =SUM(F55+G55+H55+I55+J55+K55+L55+M55+N55+O55-P55) -> 0 | R55: Katae BKK
A56: 52 | B56: 44663 | C56: STHBKK012204001417 | D56: 53283 | E56: นางสาว กนกวรรณ โต๊ะดี | I56: 2850 | P56: 2850 | Q56: =SUM(F56+G56+H56+I56+J56+K56+L56+M56+N56+O56-P56) -> 0 | R56: Katae BKK
A57: 53 | B57: 44663 | C57: STHBKK012204001418 | D57: 36983 | E57: นาง ประชุม แกล้วกสิวิทย์ | I57: 17500 | P57: 17500 | Q57: =SUM(F57+G57+H57+I57+J57+K57+L57+M57+N57+O57-P57) -> 0 | R57: Katae BKK
A58: 54 | B58: 44663 | C58: STHBKK012204001419 | D58: 53288 | E58: นาย จิรายุ อินยัง | J58: 3600 | P58: 3600 | Q58: =SUM(F58+G58+H58+I58+J58+K58+L58+M58+N58+O58-P58) -> 0 | R58: PoonBKK
A59: 55 | B59: 44663 | C59: STHBKK012204001420 | D59: 52776 | E59: นาง พัชรี ธรรมรักษ์กุล | J59: 5000 | P59: 5000 | Q59: =SUM(F59+G59+H59+I59+J59+K59+L59+M59+N59+O59-P59) -> 0 | R59: PoonBKK
A60: 56 | B60: 44663 | C60: STHBKK012204001421 | D60: 49953 | E60: บริษัท ฟองใหญ่ จำกัด (สำนักงานใหญ่) | H60: 11750 | P60: 11750 | Q60: =SUM(F60+G60+H60+I60+J60+K60+L60+M60+N60+O60-P60) -> 0 | R60: PoonBKK
A61: 57 | B61: 44663 | C61: STHBKK012204001422 | D61: 35243 | E61: นาย พงศ์พีระ ศรีบุญเรือง | J61: 4800 | P61: 4800 | Q61: =SUM(F61+G61+H61+I61+J61+K61+L61+M61+N61+O61-P61) -> 0 | R61: PoonBKK
A62: 58 | B62: 44663 | C62: STHBKK012204001425 | D62: 30895 | E62: นาย สิปปภาส โรจนวสุธร | I62: 15000 | P62: 15000 | Q62: =SUM(F62+G62+H62+I62+J62+K62+L62+M62+N62+O62-P62) -> 0 | R62: PoonBKK
A63: 59 | B63: 44663 | C63: STHBKK012204001426 | D63: 69352 | E63: นาย ทนง ศรีสมุทร | J63: 300 | P63: 300 | Q63: =SUM(F63+G63+H63+I63+J63+K63+L63+M63+N63+O63-P63) -> 0 | R63: Katae BKK
A64: 60 | B64: 44663 | C64: STHBKK012204001427 | D64: 69337 | E64: นาง นิชานันท์ สบายแท้ | H64: 27000 | P64: 27000 | Q64: =SUM(F64+G64+H64+I64+J64+K64+L64+M64+N64+O64-P64) -> 0 | R64: PoonBKK
A65: 61 | B65: 44663 | C65: STHBKK012204001428 | D65: 69338 | E65: นาย ธนากร จันทร์ศรี | H65: 27000 | P65: 27000 | Q65: =SUM(F65+G65+H65+I65+J65+K65+L65+M65+N65+O65-P65) -> 0 | R65: PoonBKK
A66: 62 | B66: 44663 | C66: STHBKK012204001429 | D66: 37642 | E66: สนั่น ปริมาณ | G66: 20000 | P66: 20000 | Q66: =SUM(F66+G66+H66+I66+J66+K66+L66+M66+N66+O66-P66) -> 0 | R66: Katae BKK
A67: 63 | B67: 44663 | C67: STHBKK012204001430 | D67: 51782 | E67: นาย สุวิทย์ รองชูเพ็ง | J67: 350 | P67: 350 | Q67: =SUM(F67+G67+H67+I67+J67+K67+L67+M67+N67+O67-P67) -> 0 | R67: PoonBKK
A68: 64 | B68: 44663 | C68: STHBKK012204001431 | D68: 48631 | E68: ดร. โนรี เต๊ะหละ | I68: 625 | P68: 625 | Q68: =SUM(F68+G68+H68+I68+J68+K68+L68+M68+N68+O68-P68) -> 0 | R68: PoonBKK
A69: 65 | B69: 44663 | C69: STHBKK012204001432 | D69: 53283 | E69: นางสาว กนกวรรณ โต๊ะดี | I69: 1250 | P69: 1250 | Q69: =SUM(F69+G69+H69+I69+J69+K69+L69+M69+N69+O69-P69) -> 0 | R69: Katae BKK
A70: 66 | B70: 44663 | C70: STHBKK012204001434 | D70: 59792 | E70: นาย ภัสธนนท์ เต็มศิริพันธุ์ | I70: 3600 | P70: 3600 | Q70: =SUM(F70+G70+H70+I70+J70+K70+L70+M70+N70+O70-P70) -> 0 | R70: Katae BKK
A71: 67 | B71: 44663 | C71: STHBKK012204001439 | D71: 42071 | E71: โสภิต เกลี้ยงประไพ | J71: 2500 | P71: 2500 | Q71: =SUM(F71+G71+H71+I71+J71+K71+L71+M71+N71+O71-P71) -> 0 | R71: PoonBKK
A72: 68 | B72: 44663 | C72: STHBKK012204001441 | D72: 40433 | E72: นางสาว อนิสสรา ยวงลำใย | J72: 3600 | P72: 3600 | Q72: =SUM(F72+G72+H72+I72+J72+K72+L72+M72+N72+O72-P72) -> 0 | R72: PoonBKK
A73: 69 | B73: 44663 | C73: STHBKK012204001442 | D73: 39317 | E73: นาง เต็มลักษณ์ ยวงลำใย | J73: 24325 | P73: 24325 | Q73: =SUM(F73+G73+H73+I73+J73+K73+L73+M73+N73+O73-P73) -> 0 | R73: PoonBKK
A74: 70 | B74: 44663 | C74: STHBKK012204001443 | D74: 36928 | E74: นาง ฐานมญ ชลคีรี | J74: 2050 | P74: 2050 | Q74: =SUM(F74+G74+H74+I74+J74+K74+L74+M74+N74+O74-P74) -> 0 | R74: PoonBKK
A75: 71 | B75: 44663 | C75: STHBKK012204001444 | D75: 48631 | E75: ดร. โนรี เต๊ะหละ | I75: 2500 | P75: 2500 | Q75: =SUM(F75+G75+H75+I75+J75+K75+L75+M75+N75+O75-P75) -> 0 | R75: Katae BKK
A76: 72 | B76: 44663 | C76: STHBKK012204001445 | D76: 50236 | E76: นาย ภาสกร ขุนเพ็ง | J76: 3600 | P76: 3600 | Q76: =SUM(F76+G76+H76+I76+J76+K76+L76+M76+N76+O76-P76) -> 0 | R76: PoonBKK
A77: 73 | B77: 44663 | C77: STHBKK012204001446 | D77: 47179 | E77: บริษัท ต้องรวย จำกัด ( สำนักงานใหญ่ ) | I77: 1250 | P77: 1250 | Q77: =SUM(F77+G77+H77+I77+J77+K77+L77+M77+N77+O77-P77) -> 0 | R77: Katae BKK
A78: 74 | B78: 44663 | C78: STHBKK012204001447 | D78: 30894 | E78: นาง นารินี กมลสุวรรณ | K78: 10500 | P78: 10500 | Q78: =SUM(F78+G78+H78+I78+J78+K78+L78+M78+N78+O78-P78) -> 0 | R78: PoonBKK
A79: 75 | B79: 44663 | C79: STHBKK012204001449 | D79: 53249 | E79: ห้างหุ้นส่วนจำกัด ปูแดงพารวย ( สำนักงานใหญ่) | J79: 15000 | P79: 15000 | Q79: =SUM(F79+G79+H79+I79+J79+K79+L79+M79+N79+O79-P79) -> 0 | R79: PoonBKK
A80: 76 | B80: 44662 | C80: STHONLIN2204000280 | D80: 12102 | E80: บริษัท เจแอลที คอร์ปอเรชั่น จำกัด | H80: 53300 | P80: 53300 | Q80: =SUM(F80+G80+H80+I80+J80+K80+L80+M80+N80+O80-P80) -> 0 | R80: 12102
A81: 77 | B81: 44662 | C81: STHONLIN2204000281 | D81: 51017 | E81: บริษัท ต.ศรีโสภณ จำกัด (สำนักงานใหญ่) | H81: 65000 | P81: 65000 | Q81: =SUM(F81+G81+H81+I81+J81+K81+L81+M81+N81+O81-P81) -> 0 | R81: 51017
A82: 78 | B82: 44663 | C82: STHONLIN2204000282 | D82: 51406 | E82: บริษัท สวนสุข จำกัด(สำนักงานใหญ่) | H82: 30000 | P82: 30000 | Q82: =SUM(F82+G82+H82+I82+J82+K82+L82+M82+N82+O82-P82) -> 0 | R82: 51406
A83: 79 | B83: 44663 | C83: STHONLIN2204000286 | D83: 53219 | E83: นางสาว อรษา เขมพฤทธิ์ | H83: 2650 | P83: 2650 | Q83: =SUM(F83+G83+H83+I83+J83+K83+L83+M83+N83+O83-P83) -> 0 | R83: 53219
A84: 80 | B84: 44663 | C84: STHONLIN2204000287 | D84: 64663 | E84: นาง เสาวนีย์ บางศิริ | O84: 1200 | P84: 1200 | Q84: =SUM(F84+G84+H84+I84+J84+K84+L84+M84+N84+O84-P84) -> 0 | R84: 64663
A85: 81 | B85: 44663 | C85: STHONLIN2204000295 | D85: 67867 | E85: นาย วัฒนา รอดวรรณโน | O85: 1200 | P85: 1200 | Q85: =SUM(F85+G85+H85+I85+J85+K85+L85+M85+N85+O85-P85) -> 0 | R85: 67867
A86: 82 | B86: 44663 | C86: STHONLIN2204000303 | D86: 25650 | E86: นาง ศศกร อมตวงษ์ | H86: 1250 | P86: 1250 | Q86: =SUM(F86+G86+H86+I86+J86+K86+L86+M86+N86+O86-P86) -> 0 | R86: 25650
A87: 83 | B87: 44663 | C87: STHONLIN2204000307 | D87: 49918 | E87: นาย เกียรติศักดิ์ อาดมะเร๊ะ | H87: 5000 | P87: 5000 | Q87: =SUM(F87+G87+H87+I87+J87+K87+L87+M87+N87+O87-P87) -> 0 | R87: 49918
A88: 84 | B88: 44663 | C88: STHONLIN2204000308 | D88: 31927 | E88: นาง ทิพยาภรณ์ ฆ้องวงษ์ | M88: 2850 | P88: 2850 | Q88: =SUM(F88+G88+H88+I88+J88+K88+L88+M88+N88+O88-P88) -> 0 | R88: 31927
A89: 85 | B89: 44663 | C89: STHONLIN2204000310 | D89: 40433 | E89: นางสาว อนิสสรา ยวงลำใย | O89: 1200 | P89: 1200 | Q89: =SUM(F89+G89+H89+I89+J89+K89+L89+M89+N89+O89-P89) -> 0 | R89: 40433
A90: 86 | B90: 44663 | C90: STHONLIN2204000311 | D90: 48523 | E90: นาย ธนสิน ยวงลำใย | O90: 3600 | P90: 3600 | Q90: =SUM(F90+G90+H90+I90+J90+K90+L90+M90+N90+O90-P90) -> 0 | R90: 48523
A91: 87 | B91: 44663 | C91: STHONLIN2204000312 | D91: 57349 | E91: นาง เกลียว สาวสุวรรณ | O91: 1200 | P91: 1200 | Q91: =SUM(F91+G91+H91+I91+J91+K91+L91+M91+N91+O91-P91) -> 0 | R91: 57349
A92: 88 | B92: 44663 | C92: STHONLIN2204000313 | D92: 57659 | E92: นาย ธงไชย ยวงลำใย | O92: 2400 | P92: 2400 | Q92: =SUM(F92+G92+H92+I92+J92+K92+L92+M92+N92+O92-P92) -> 0 | R92: 57659
A93: 89 | B93: 44663 | C93: STHONLIN2204000314 | D93: 31927 | E93: นาง ทิพยาภรณ์ ฆ้องวงษ์ | M93: 400 | P93: 400 | Q93: =SUM(F93+G93+H93+I93+J93+K93+L93+M93+N93+O93-P93) -> 0 | R93: 31927
A94: 90 | B94: 44663 | C94: STHONLIN2204000315 | D94: 40433 | E94: นางสาว อนิสสรา ยวงลำใย | O94: 4800 | P94: 4800 | Q94: =SUM(F94+G94+H94+I94+J94+K94+L94+M94+N94+O94-P94) -> 0 | R94: 40433
A95: 91 | B95: 44663 | C95: STHONLIN2204000316 | D95: 50236 | E95: นาย ภาสกร ขุนเพ็ง | O95: 1200 | P95: 1200 | Q95: =SUM(F95+G95+H95+I95+J95+K95+L95+M95+N95+O95-P95) -> 0 | R95: 50236
F96: =SUM(F5:F95) -> 8100 | G96: =SUM(G4:G95) -> 20000 | H96: =SUM(H4:H95) -> 335650 | I96: =SUM(I5:I95) -> 551430 | J96: =SUM(J5:J95) -> 171550 | K96: =SUM(K5:K95) -> 30500 | L96: =SUM(L4:L95) -> 0 | M96: =SUM(M4:M95) -> 3250 | N96: =SUM(N4:N95) -> 0 | O96: =SUM(O4:O95) -> 16800 | P96: =SUM(P5:P95) -> 1137280 | Q96: =SUM(Q5:Q95) -> 0
F97: =F96+G96+H96+I96+J96+K96+L96+M96+N96+O96 -> 1137280
F104: า

Sheet 16.04.65
A1: DAILY SALE 16 APRIL 2022
A2: NO | B2: วันที่ | C2: เลขออเดอร์ | D2: รหัส | E2: Name | F2: Payment | R2: CS ผู้คีย์บิล
F3: Cash | G3: Credit Card | I3: Tranfer Money | K3: E-WALLET | L3: Paypal | M3: qr paymet | N3: หักคอม | O3: ARP | P3: ยอดในระบบ | Q3: ผลต่าง
G4: Front Office | H4: Online | I4: KBANK | J4: KTB
A5: 1 | B5: 44663 | C5: STHBKK012204001450 | D5: 53249 | E5: ห้างหุ้นส่วนจำกัด ปูแดงพารวย ( สำนักงานใหญ่) | F5: 300 | P5: 300 | Q5: =SUM(F5+G5+H5+I5+J5+K5+L5+M5+N5+O5-P5) -> 0 | R5: BKK-Neng
A6: 2 | B6: 44663 | C6: STHBKK012204001452 | D6: 64781 | E6: นางสาว นิชธาวัลย์ กันชนะ | I6: 1750 | P6: 1750 | Q6: =SUM(F6+G6+H6+I6+J6+K6+L6+M6+N6+O6-P6) -> 0 | R6: Katae BKK
A7: 3 | B7: 44666 | C7: STHBKK012204001453 | D7: 10001 | E7: บริษัท สว่างทรัพย์ จำกัด (สำนักงานใหญ่) | I7: 5000 | P7: 5000 | Q7: =SUM(F7+G7+H7+I7+J7+K7+L7+M7+N7+O7-P7) -> 0 | R7: bkk-nee
A8: 4 | B8: 44666 | C8: STHBKK012204001454 | D8: 21821 | E8: ห้างหุ้นส่วนจำกัด เครือข่ายปิยธนา ( สำนักงานใหญ่ ) | G8: 700 | P8: 700 | Q8: =SUM(F8+G8+H8+I8+J8+K8+L8+M8+N8+O8-P8) -> 0 | R8: bkk-nee
A9: 5 | B9: 44666 | C9: STHBKK012204001455 | D9: 59904 | E9: นาย สุรทัศน์ เกไธสร | I9: 350 | P9: 350 | Q9: =SUM(F9+G9+H9+I9+J9+K9+L9+M9+N9+O9-P9) -> 0 | R9: bkk-nee
A10: 6 | B10: 44666 | C10: STHBKK012204001457 | D10: 66575 | E10: นาย จิรพัฒน์ ศลศิลป์ชัย | H10: 45500 | P10: 45500 | Q10: =SUM(F10+G10+H10+I10+J10+K10+L10+M10+N10+O10-P10) -> 0 | R10: bkk-nee
A11: 7 | B11: 44666 | C11: STHBKK012204001458 | D11: 10250 | E11: นาย สุรวิทย์ ทิพยโสภากุล | I11: 2650 | P11: 2650 | Q11: =SUM(F11+G11+H11+I11+J11+K11+L11+M11+N11+O11-P11) -> 0 | R11: bkk-nee
A12: 8 | B12: 44666 | C12: STHBKK012204001459 | D12: 62146 | E12: นางสาว พิกุล กลิ่นฟุ้ง | I12: 4250 | P12: 4250 | Q12: =SUM(F12+G12+H12+I12+J12+K12+L12+M12+N12+O12-P12) -> 0 | R12: bkk-nee
A13: 9 | B13: 44667 | C13: STHBKK012204001461 | D13: 48387 | E13: นาง อรพิน นางแสน | I13: 5000 | P13: 5000 | Q13: =SUM(F13+G13+H13+I13+J13+K13+L13+M13+N13+O13-P13) -> 0 | R13: Katae BKK
A14: 10 | B14: 44667 | C14: STHBKK012204001463 | D14: 50198 | E14: นางสาว นภัสสร นางแสน | I14: 5000 | P14: 5000 | Q14: =SUM(F14+G14+H14+I14+J14+K14+L14+M14+N14+O14-P14) -> 0 | R14: Katae BKK
A15: 11 | B15: 44667 | C15: STHBKK012204001465 | D15: 48053 | E15: นาย ต้นสัก สุคนธรัตน์ | I15: 350 | P15: 350 | Q15: =SUM(F15+G15+H15+I15+J15+K15+L15+M15+N15+O15-P15) -> 0 | R15: Katae BKK
A16: 12 | B16: 44667 | C16: STHBKK012204001468 | D16: 52032 | E16: นางสาว กาญจนา จองเกียรติ์ | I16: 350 | P16: 350 | Q16: =SUM(F16+G16+H16+I16+J16+K16+L16+M16+N16+O16-P16) -> 0 | R16: BKK-Neng
A17: 13 | B17: 44667 | C17: STHBKK012204001469 | D17: 51939 | E17: บริษัท รินทร์รฐา กรุ๊ป จำกัด(สำนักงานใหญ่) | I17: 30050 | P17: 30050 | Q17: =SUM(F17+G17+H17+I17+J17+K17+L17+M17+N17+O17-P17) -> 0 | R17: Katae BKK
A18: 14 | B18: 44667 | C18: STHBKK012204001470 | D18: 55160 | E18: นาง สมทรง แก้วชาวนา | J18: 6600 | P18: 6600 | Q18: =SUM(F18+G18+H18+I18+J18+K18+L18+M18+N18+O18-P18) -> 0 | R18: bkk-aoeng
A19: 15 | B19: 44667 | C19: STHBKK012204001471 | D19: 48052 | E19: นาง นภาไพลิน กาละวันต์ | I19: 10200 | P19: 10200 | Q19: =SUM(F19+G19+H19+I19+J19+K19+L19+M19+N19+O19-P19) -> 0 | R19: bkk-aoeng
A20: 16 | B20: 44667 | C20: STHBKK012204001472 | D20: 10320 | E20: บริษัท รีโวเด็ค จำกัด (สำนักงานใหญ่) | I20: 13500 | P20: 13500 | Q20: =SUM(F20+G20+H20+I20+J20+K20+L20+M20+N20+O20-P20) -> 0 | R20: bkk-aoeng
A21: 17 | B21: 44667 | C21: STHBKK012204001473 | D21: 69364 | E21: นาย ฝ้าย จับใจ | I21: 27000 | P21: 27000 | Q21: =SUM(F21+G21+H21+I21+J21+K21+L21+M21+N21+O21-P21) -> 0 | R21: Katae BKK
A22: 18 | B22: 44667 | C22: STHBKK012204001474 | D22: 47681 | E22: นางสาว ธิตยา ขำอิน | I22: 5150 | P22: 5150 | Q22: =SUM(F22+G22+H22+I22+J22+K22+L22+M22+N22+O22-P22) -> 0 | R22: bkk-aoeng
A23: 19 | B23: 44667 | C23: STHBKK012204001475 | D23: 57991 | E23: นางสาว กัญพัชร์ ชูธีรยงพันธ์ | G23: 17600 | P23: 17600 | Q23: =SUM(F23+G23+H23+I23+J23+K23+L23+M23+N23+O23-P23) -> 0 | R23: bkk-aoeng
A24: 20 | B24: 44667 | C24: STHBKK012204001477 | D24: 22341 | E24: มัลลิกา พลรัตน์ | G24: 6200 | P24: 6200 | Q24: =SUM(F24+G24+H24+I24+J24+K24+L24+M24+N24+O24-P24) -> 0 | R24: bkk-aoeng
A25: 21 | B25: 44667 | C25: STHBKK012204001479 | D25: 42421 | E25: นาย นาย ผดุงเกียรติ พัฒน์เคี่ยม | I25: 3750 | P25: 3750 | Q25: =SUM(F25+G25+H25+I25+J25+K25+L25+M25+N25+O25-P25) -> 0 | R25: bkk-aoeng
A26: 22 | B26: 44667 | C26: STHBKK012204001482 | D26: 41982 | E26: นาย อดุลย์ กลิ่นหอมอุทิศ | I26: 2900 | P26: 2900 | Q26: =SUM(F26+G26+H26+I26+J26+K26+L26+M26+N26+O26-P26) -> 0 | R26: bkk-nee
A27: 23 | B27: 44667 | C27: STHBKK012204001483 | D27: 52032 | E27: นางสาว กาญจนา จองเกียรติ์ | I27: 10000 | P27: 10000 | Q27: =SUM(F27+G27+H27+I27+J27+K27+L27+M27+N27+O27-P27) -> 0 | R27: BKK-Neng
A28: 24 | B28: 44667 | C28: STHBKK012204001484 | D28: 52206 | E28: นาย ภูวกร บวรฉัตรชาตรี | I28: 1250 | P28: 1250 | Q28: =SUM(F28+G28+H28+I28+J28+K28+L28+M28+N28+O28-P28) -> 0 | R28: Katae BKK
A29: 25 | B29: 44667 | C29: STHBKK012204001486 | D29: 45096 | E29: นาย วิเชษฐ สกุลหอม | I29: 12850 | P29: 12850 | Q29: =SUM(F29+G29+H29+I29+J29+K29+L29+M29+N29+O29-P29) -> 0 | R29: lFrAmEl
A30: 26 | B30: 44667 | C30: STHBKK012204001487 | D30: 69369 | E30: นางสาว สุรีพร มีเจตนา | J30: 27000 | P30: 27000 | Q30: =SUM(F30+G30+H30+I30+J30+K30+L30+M30+N30+O30-P30) -> 0 | R30: Katae BKK
A31: 27 | B31: 44667 | C31: STHBKK012204001488 | D31: 50616 | E31: นางสาว แก้วเพียงขวัญ จันทรพงศ์ | J31: 2500 | P31: 2500 | Q31: =SUM(F31+G31+H31+I31+J31+K31+L31+M31+N31+O31-P31) -> 0 | R31: bkk-aoeng
A32: 28 | B32: 44667 | C32: STHBKK012204001489 | D32: 35245 | E32: ร้าน first beautiful | H32: 17000 | P32: 17000 | Q32: =SUM(F32+G32+H32+I32+J32+K32+L32+M32+N32+O32-P32) -> 0 | R32: bkk-nee
A33: 29 | B33: 44667 | C33: STHBKK012204001490 | D33: 35245 | E33: ร้าน first beautiful | H33: 17000 | P33: 17000 | Q33: =SUM(F33+G33+H33+I33+J33+K33+L33+M33+N33+O33-P33) -> 0 | R33: bkk-nee
A34: 30 | B34: 44667 | C34: STHBKK012204001491 | D34: 19971 | E34: นาง นิกุล เสือนุ่ม | J34: 5400 | P34: 5400 | Q34: =SUM(F34+G34+H34+I34+J34+K34+L34+M34+N34+O34-P34) -> 0 | R34: lFrAmEl
A35: 31 | B35: 44667 | C35: STHBKK012204001493 | D35: 54046 | E35: นางสาว อลิศา เสือนุ่ม | J35: 5000 | P35: 5000 | Q35: =SUM(F35+G35+H35+I35+J35+K35+L35+M35+N35+O35-P35) -> 0 | R35: lFrAmEl
A36: 32 | B36: 44667 | C36: STHBKK012204001494 | D36: 54398 | E36: นางสาว พรไพลิน คงยวง | J36: 6250 | P36: 6250 | Q36: =SUM(F36+G36+H36+I36+J36+K36+L36+M36+N36+O36-P36) -> 0 | R36: lFrAmEl
A37: 33 | B37: 44667 | C37: STHBKK012204001495 | D37: 35245 | E37: ร้าน first beautiful | H37: 10250 | P37: 10250 | Q37: =SUM(F37+G37+H37+I37+J37+K37+L37+M37+N37+O37-P37) -> 0 | R37: bkk-nee
A38: 34 | B38: 44667 | C38: STHBKK012204001496 | D38: 53283 | E38: นางสาว กนกวรรณ โต๊ะดี | I38: 1875 | P38: 1875 | Q38: =SUM(F38+G38+H38+I38+J38+K38+L38+M38+N38+O38-P38) -> 0 | R38: lFrAmEl
A39: 35 | B39: 44667 | C39: STHBKK012204001499 | D39: 66974 | E39: นางสาว ภัชชภร โตวิวัฒน์ | I39: 450 | P39: 450 | Q39: =SUM(F39+G39+H39+I39+J39+K39+L39+M39+N39+O39-P39) -> 0 | R39: Katae BKK
A40: 36 | B40: 44667 | C40: STHBKK012204001500 | D40: 50593 | E40: บริษัท วี.เอ็น.ซี.สกินแคร์ จำกัด ( สำนักงานใหญ่ ) | I40: 15400 | P40: 15400 | Q40: =SUM(F40+G40+H40+I40+J40+K40+L40+M40+N40+O40-P40) -> 0 | R40: bkk-nee
A41: 37 | B41: 44667 | C41: STHBKK012204001502 | D41: 59704 | E41: นาง บุญส่ง จันทะโมโส | I41: 300 | P41: 300 | Q41: =SUM(F41+G41+H41+I41+J41+K41+L41+M41+N41+O41-P41) -> 0 | R41: BKK-Neng
A42: 38 | B42: 44667 | C42: STHBKK012204001503 | D42: 54997 | E42: นางสาว ภานภัส พันธ์จันทร์ | I42: 5350 | P42: 5350 | Q42: =SUM(F42+G42+H42+I42+J42+K42+L42+M42+N42+O42-P42) -> 0 | R42: lFrAmEl
A43: 39 | B43: 44667 | C43: STHBKK012204001504 | D43: 50593 | E43: บริษัท วี.เอ็น.ซี.สกินแคร์ จำกัด ( สำนักงานใหญ่ ) | I43: 14000 | P43: 14000 | Q43: =SUM(F43+G43+H43+I43+J43+K43+L43+M43+N43+O43-P43) -> 0 | R43: bkk-nee
A44: 40 | B44: 44667 | C44: STHBKK012204001506 | D44: 48631 | E44: ดร. โนรี เต๊ะหละ | I44: 15350 | P44: 15350 | Q44: =SUM(F44+G44+H44+I44+J44+K44+L44+M44+N44+O44-P44) -> 0 | R44: bkk-aoeng
A45: 41 | B45: 44667 | C45: STHBKK012204001507 | D45: 50593 | E45: บริษัท วี.เอ็น.ซี.สกินแคร์ จำกัด ( สำนักงานใหญ่ ) | I45: 11200 | P45: 11200 | Q45: =SUM(F45+G45+H45+I45+J45+K45+L45+M45+N45+O45-P45) -> 0 | R45: bkk-nee
A46: 42 | B46: 44667 | C46: STHBKK012204001509 | D46: 48910 | E46: วาสนา ดิษปัญญา | I46: 10000 | P46: 10000 | Q46: =SUM(F46+G46+H46+I46+J46+K46+L46+M46+N46+O46-P46) -> 0 | R46: lFrAmEl
A47: 43 | B47: 44667 | C47: STHBKK012204001511 | D47: 48910 | E47: วาสนา ดิษปัญญา | I47: 5000 | P47: 5000 | Q47: =SUM(F47+G47+H47+I47+J47+K47+L47+M47+N47+O47-P47) -> 0 | R47: lFrAmEl
A48: 44 | B48: 44667 | C48: STHBKK012204001512 | D48: 50474 | E48: นาย ณัฐพล ศรีทอง | I48: 25000 | P48: 25000 | Q48: =SUM(F48+G48+H48+I48+J48+K48+L48+M48+N48+O48-P48) -> 0 | R48: bkk-aoeng
A49: 45 | B49: 44667 | C49: STHBKK012204001513 | D49: 69371 | E49: นาย ศุภศิษฎ์ ภูชฎาภิรมย์ | I49: 27000 | P49: 27000 | Q49: =SUM(F49+G49+H49+I49+J49+K49+L49+M49+N49+O49-P49) -> 0 | R49: Katae BKK
... A51: 47 | B51: 44667 | C51: STHBKK012204001515 | D51: 50853 | E51: นาย นรุตม์ คุ้มสดวก | I51: 6250 | P51: 6250 | Q51: =SUM(F51+G51+H51+I51+J51+K51+L51+M51+N51+O51-P51) -> 0 | R51: bkk-aoeng
A52: 48 | B52: 44667 | C52: STHBKK012204001516 | D52: 58050 | E52: นางสาว ฤทัยทิพย์ นาโพธิ์ | J52: 5850 | P52: 5850 | Q52: =SUM(F52+G52+H52+I52+J52+K52+L52+M52+N52+O52-P52) -> 0 | R52: lFrAmEl
A53: 49 | B53: 44667 | C53: STHBKK012204001517 | D53: 50148 | E53: นาย ชาญภูมิ กาวี | H53: 10350 | P53: 10350 | Q53: =SUM(F53+G53+H53+I53+J53+K53+L53+M53+N53+O53-P53) -> 0 | R53: bkk-nee
A54: 50 | B54: 44667 | C54: STHBKK012204001518 | D54: 13781 | E54: นาย สุรวัฒน์ ตั้งพงศ์ศิรประภา | I54: 2550 | P54: 2550 | Q54: =SUM(F54+G54+H54+I54+J54+K54+L54+M54+N54+O54-P54) -> 0 | R54: Katae BKK
A55: 51 | B55: 44667 | C55: STHBKK012204001519 | D55: 36555 | E55: นางสาว พิมพ์มาดา เงางาม | I55: 1250 | P55: 1250 | Q55: =SUM(F55+G55+H55+I55+J55+K55+L55+M55+N55+O55-P55) -> 0 | R55: lFrAmEl
A56: 52 | B56: 44667 | C56: STHBKK012204001520 | D56: 50436 | E56: นาง พิชาวีร์ บวรธีราเศรษฐ์ | I56: 10000 | P56: 10000 | Q56: =SUM(F56+G56+H56+I56+J56+K56+L56+M56+N56+O56-P56) -> 0 | R56: bkk-aoeng
A57: 53 | B57: 44667 | C57: STHBKK012204001522 | D57: 65340 | E57: นางสาว ณัฐกาญ ตักเตือน | I57: 12100 | P57: 12100 | Q57: =SUM(F57+G57+H57+I57+J57+K57+L57+M57+N57+O57-P57) -> 0 | R57: BKK-Neng
A58: 54 | B58: 44667 | C58: STHBKK012204001524 | D58: 58818 | E58: นาย นิตินาฎ หมิ่นขัด | I58: 7500 | P58: 7500 | Q58: =SUM(F58+G58+H58+I58+J58+K58+L58+M58+N58+O58-P58) -> 0 | R58: BKK-Neng
A59: 55 | B59: 44667 | C59: STHBKK012204001525 | D59: 66838 | E59: นาย เสฎฐวุฒิ พนาอภิชน | I59: 15000 | P59: 15000 | Q59: =SUM(F59+G59+H59+I59+J59+K59+L59+M59+N59+O59-P59) -> 0 | R59: lFrAmEl
A60: 56 | B60: 44667 | C60: STHBKK012204001526 | D60: 22727 | E60: นิรันดร์ สันอีด | I60: 22500 | P60: 22500 | Q60: =SUM(F60+G60+H60+I60+J60+K60+L60+M60+N60+O60-P60) -> 0 | R60: bkk-aoeng
A61: 57 | B61: 44667 | C61: STHBKK012204001527 | D61: 66275 | E61: นาง ลำดวน ลุทภาพ | I61: 240 | P61: 240 | Q61: =SUM(F61+G61+H61+I61+J61+K61+L61+M61+N61+O61-P61) -> 0 | R61: BKK-Neng
A62: 58 | B62: 44667 | C62: STHBKK012204001528 | D62: 54899 | E62: บริษัท เอ็น.เค.ทรัพย์โซเชียล จำกัด(สำนักงานใหญ) | I62: 5350 | P62: 5350 | Q62: =SUM(F62+G62+H62+I62+J62+K62+L62+M62+N62+O62-P62) -> 0 | R62: bkk-aoeng
A63: 59 | B63: 44667 | C63: STHBKK012204001529 | D63: 36424 | E63: นางสาว เบญจมาศ สังข์ดวงยางค์ | I63: 3600 | P63: 3600 | Q63: =SUM(F63+G63+H63+I63+J63+K63+L63+M63+N63+O63-P63) -> 0 | R63: Katae BKK
A64: 60 | B64: 44667 | C64: STHBKK012204001531 | D64: 50072 | E64: นาย ประมง จันทะสิงห์ | J64: 9600 | P64: 9600 | Q64: =SUM(F64+G64+H64+I64+J64+K64+L64+M64+N64+O64-P64) -> 0 | R64: lFrAmEl
A65: 61 | B65: 44667 | C65: STHBKK012204001532 | D65: 60151 | E65: นางสาว อรสา แปะกระโทก | I65: 2500 | P65: 2500 | Q65: =SUM(F65+G65+H65+I65+J65+K65+L65+M65+N65+O65-P65) -> 0 | R65: bkk-aoeng
A66: 62 | B66: 44667 | C66: STHBKK012204001533 | D66: 60151 | E66: นางสาว อรสา แปะกระโทก | I66: 150 | P66: 150 | Q66: =SUM(F66+G66+H66+I66+J66+K66+L66+M66+N66+O66-P66) -> 0 | R66: bkk-aoeng
A67: 63 | B67: 44667 | C67: STHBKK012204001534 | D67: 31738 | E67: นางสาว กุลนาถ ไตรทัตธนากร | K67: 7100 | P67: 7100 | Q67: =SUM(F67+G67+H67+I67+J67+K67+L67+M67+N67+O67-P67) -> 0 | R67: bkk-aoeng
A68: 64 | B68: 44667 | C68: STHBKK012204001535 | D68: 69001 | E68: นาง ลำพู ภู่ทอง | I68: 1750 | P68: 1750 | Q68: =SUM(F68+G68+H68+I68+J68+K68+L68+M68+N68+O68-P68) -> 0 | R68: bkk-aoeng
A69: 65 | B69: 44667 | C69: STHBKK012204001536 | D69: 36424 | E69: นางสาว เบญจมาศ สังข์ดวงยางค์ | I69: 5850 | P69: 5850 | Q69: =SUM(F69+G69+H69+I69+J69+K69+L69+M69+N69+O69-P69) -> 0 | R69: Katae BKK
A70: 66 | B70: 44667 | C70: STHBKK012204001538 | D70: 66774 | E70: นาย ศุภลักษณ์ สิมหะชาติ | J70: 700 | P70: 700 | Q70: =SUM(F70+G70+H70+I70+J70+K70+L70+M70+N70+O70-P70) -> 0 | R70: bkk-aoeng
A71: 67 | B71: 44667 | C71: STHBKK012204001539 | D71: 51970 | E71: นาย ธราดล ทองประกอบ | I71: 5150 | P71: 5150 | Q71: =SUM(F71+G71+H71+I71+J71+K71+L71+M71+N71+O71-P71) -> 0 | R71: lFrAmEl
A72: 68 | B72: 44667 | C72: STHBKK012204001541 | D72: 66902 | E72: นาย สุรบถ โสมาศร๊ | I72: 8750 | P72: 8750 | Q72: =SUM(F72+G72+H72+I72+J72+K72+L72+M72+N72+O72-P72) -> 0 | R72: bkk-aoeng
A73: 69 | B73: 44667 | C73: STHBKK012204001543 | D73: 30895 | E73: นาย สิปปภาส โรจนวสุธร | I73: 350 | P73: 350 | Q73: =SUM(F73+G73+H73+I73+J73+K73+L73+M73+N73+O73-P73) -> 0 | R73: Katae BKK
A74: 70 | B74: 44667 | C74: STHBKK012204001545 | D74: 51329 | E74: นาย เฉลิม สวัสดี | F74: 3125 | K74: 1875 | P74: 5000 | Q74: =SUM(F74+G74+H74+I74+J74+K74+L74+M74+N74+O74-P74) -> 0 | R74: bkk-nee
A75: 71 | B75: 44667 | C75: STHBKK012204001547 | D75: 10250 | E75: นาย สุรวิทย์ ทิพยโสภากุล | J75: 18000 | P75: 18000 | Q75: =SUM(F75+G75+H75+I75+J75+K75+L75+M75+N75+O75-P75) -> 0 | R75: bkk-aoeng
A76: 72 | B76: 44667 | C76: STHBKK012204001548 | D76: 69373 | E76: นางสาว พัชรี คิ้วเที่ยง | J76: 300 | P76: 300 | Q76: =SUM(F76+G76+H76+I76+J76+K76+L76+M76+N76+O76-P76) -> 0 | R76: Katae BKK
A77: 73 | B77: 44667 | C77: STHBKK012204001549 | D77: 58257 | E77: นาย สมชาย โสภา | I77: 3100 | P77: 3100 | Q77: =SUM(F77+G77+H77+I77+J77+K77+L77+M77+N77+O77-P77) -> 0 | R77: Katae BKK
A78: 74 | B78: 44667 | C78: STHBKK012204001550 | D78: 61898 | E78: นาย อำนาจ เสือสูงเนิน | I78: 27000 | P78: 27000 | Q78: =SUM(F78+G78+H78+I78+J78+K78+L78+M78+N78+O78-P78) -> 0 | R78: Katae BKK
A79: 75 | B79: 44667 | C79: STHBKK012204001551 | D79: 50595 | E79: บริษัท แก้วแกมทอง เทรดดิ้ง จำกัด (สำนักงานใหญ่) | I79: 75000 | P79: 75000 | Q79: =SUM(F79+G79+H79+I79+J79+K79+L79+M79+N79+O79-P79) -> 0 | R79: Katae BKK
A80: 76 | B80: 44667 | C80: STHBKK012204001552 | D80: 68041 | E80: นาย สมเกียรติ ครุฑจันทร์ | I80: 950 | P80: 950 | Q80: =SUM(F80+G80+H80+I80+J80+K80+L80+M80+N80+O80-P80) -> 0 | R80: Katae BKK
A81: 77 | B81: 44667 | C81: STHBKK012204001556 | D81: 57015 | E81: นางสาว จรัสรวี คงน้ำ | I81: 8200 | P81: 8200 | Q81: =SUM(F81+G81+H81+I81+J81+K81+L81+M81+N81+O81-P81) -> 0 | R81: Katae BKK
A82: 78 | B82: 44667 | C82: STHBKK012204001566 | D82: 69380 | E82: นางสาว กรรณิการ์ อังโชติพันธุ์ | J82: 27000 | P82: 27000 | Q82: =SUM(F82+G82+H82+I82+J82+K82+L82+M82+N82+O82-P82) -> 0 | R82: bkk-nee
A83: 79 | B83: 44667 | C83: STHBKK012204001567 | D83: 59103 | E83: นางสาว สุพรรณษา ไพศาล | I83: 4200 | P83: 4200 | Q83: =SUM(F83+G83+H83+I83+J83+K83+L83+M83+N83+O83-P83) -> 0 | R83: bkk-nee
A84: 80 | B84: 44666 | C84: STHONLIN2204000318 | D84: 51406 | E84: บริษัท สวนสุข จำกัด(สำนักงานใหญ่) | H84: 38900 | P84: 38900 | Q84: =SUM(F84+G84+H84+I84+J84+K84+L84+M84+N84+O84-P84) -> 0 | R84: 64663
A85: 81 | B85: 44666 | C85: STHONLIN2204000320 | D85: 12102 | E85: บริษัท เจแอลที คอร์ปอเรชั่น จำกัด | H85: 15000 | P85: 15000 | Q85: =SUM(F85+G85+H85+I85+J85+K85+L85+M85+N85+O85-P85) -> 0 | R85: 67867
A86: 82 | B86: 44667 | C86: STHONLIN2204000321 | D86: 42046 | E86: นาย ธนกร อภัยพงศ์ | H86: 12840 | P86: 12840 | Q86: =SUM(F86+G86+H86+I86+J86+K86+L86+M86+N86+O86-P86) -> 0 | R86: 25650
A87: 83 | B87: 44667 | C87: STHONLIN2204000322 | D87: 42046 | E87: นาย ธนกร อภัยพงศ์ | H87: 35000 | P87: 35000 | Q87: =SUM(F87+G87+H87+I87+J87+K87+L87+M87+N87+O87-P87) -> 0 | R87: 49918
A88: 84 | B88: 44667 | C88: STHONLIN2204000323 | D88: 49918 | E88: นาย เกียรติศักดิ์ อาดมะเร๊ะ | H88: 9500 | P88: 9500 | Q88: =SUM(F88+G88+H88+I88+J88+K88+L88+M88+N88+O88-P88) -> 0 | R88: 31927
A89: 85 | B89: 44667 | C89: STHONLIN2204000326 | D89: 57201 | E89: นางสาว ภาพิมล ฉัตรเฉลิมวิทย์ | K89: 1050 | P89: 1050 | Q89: =SUM(F89+G89+H89+I89+J89+K89+L89+M89+N89+O89-P89) -> 0 | R89: 40433
A90: 86 | B90: 44667 | C90: STHONLIN2204000331 | D90: 50222 | E90: บริษัท หลานหยิน จำกัด ( สำนักงานใหญ่ ) | H90: 5425 | P90: 5425 | Q90: =SUM(F90+G90+H90+I90+J90+K90+L90+M90+N90+O90-P90) -> 0 | R90: 48523
A91: 87 | B91: 44667 | C91: STHONLIN2204000336 | D91: 50646 | E91: นางสาว ทิติภา เพลิงเทียน | K91: 5000 | P91: 5000 | Q91: =SUM(F91+G91+H91+I91+J91+K91+L91+M91+N91+O91-P91) -> 0 | R91: 57349
F92: =SUM(F5:F91) -> 3425 | G92: =SUM(G4:G91) -> 24500 | H92: =SUM(H4:H91) -> 216765 | I92: =SUM(I5:I91) -> 516565 | J92: =SUM(J5:J91) -> 114200 | K92: =SUM(K5:K91) -> 15025 | L92: =SUM(L4:L91) -> 0 | M92: =SUM(M4:M91) -> 0 | N92: =SUM(N4:N91) -> 0 | O92: =SUM(O4:O91) -> 0 | P92: =SUM(P5:P91) -> 890480 | Q92: =SUM(Q5:Q91) -> 0
F93: =F92+G92+H92+I92+J92+K92+L92+M92+N92+O92 -> 890480

Sheet 17.04.65
A1: DAILY SALE 17 APRIL 2022
A2: NO | B2: วันที่ | C2: เลขออเดอร์ | D2: รหัส | E2: Name | F2: Payment | R2: CS ผู้คีย์บิล
F3: Cash | G3: Credit Card | I3: Tranfer Money | K3: E-WALLET | L3: Paypal | M3: qr paymet | N3: หักคอม | O3: ARP | P3: ยอดในระบบ | Q3: ผลต่าง
G4: Front Office | H4: Online | I4: KBANK | J4: KTB
A5: 1 | B5: 44667 | C5: STHBKK012204001568 | D5: 50849 | E5: นาย เกษตร 2020 | H5: 5000 | P5: 5000 | Q5: =SUM(F5+G5+H5+I5+J5+K5+L5+M5+N5+O5-P5) -> 0 | R5: BKK-Neng
A6: 2 | B6: 44667 | C6: STHBKK012204001570 | D6: 63098 | E6: นาง สุชานาถ ทะยานรัมย์ | H6: 5000 | P6: 5000 | Q6: =SUM(F6+G6+H6+I6+J6+K6+L6+M6+N6+O6-P6) -> 0 | R6: BKK-Neng
A7: 3 | B7: 44667 | C7: STHBKK012204001574 | D7: 42071 | E7: โสภิต เกลี้ยงประไพ | H7: 1750 | P7: 1750 | Q7: =SUM(F7+G7+H7+I7+J7+K7+L7+M7+N7+O7-P7) -> 0 | R7: BKK-Neng
A8: 4 | B8: 44667 | C8: STHBKK012204001575 | D8: 42079 | E8: ณัฐวัตร เกลี้ยงประไพ | H8: 8200 | P8: 8200 | Q8: =SUM(F8+G8+H8+I8+J8+K8+L8+M8+N8+O8-P8) -> 0 | R8: BKK-Neng
A9: 5 | B9: 44668 | C9: STHBKK012204001578 | D9: 69104 | E9: นางสาว น้ำเพชร อภิบุญญาวรกุล | I9: 150 | P9: 150 | Q9: =SUM(F9+G9+H9+I9+J9+K9+L9+M9+N9+O9-P9) -> 0 | R9: Katae BKK
A10: 6 | B10: 44668 | C10: STHBKK012204001579 | D10: 68690 | E10: นาย เกริกขจร ชัยชาญ | I10: 300 | P10: 300 | Q10: =SUM(F10+G10+H10+I10+J10+K10+L10+M10+N10+O10-P10) -> 0 | R10: Katae BKK
A11: 7 | B11: 44668 | C11: STHBKK012204001580 | D11: 36555 | E11: นางสาว พิมพ์มาดา เงางาม | I11: 7500 | P11: 7500 | Q11: =SUM(F11+G11+H11+I11+J11+K11+L11+M11+N11+O11-P11) -> 0 | R11: Katae BKK
A12: 8 | B12: 44668 | C12: STHBKK012204001581 | D12: 55562 | E12: นางสาว ปรียานุช กรัดเฟื่อง | I12: 12500 | P12: 12500 | Q12: =SUM(F12+G12+H12+I12+J12+K12+L12+M12+N12+O12-P12) -> 0 | R12: Katae BKK
A13: 9 | B13: 44668 | C13: STHBKK012204001583 | D13: 51939 | E13: บริษัท รินทร์รฐา กรุ๊ป จำกัด(สำนักงานใหญ่) | I13: 15000 | P13: 15000 | Q13: =SUM(F13+G13+H13+I13+J13+K13+L13+M13+N13+O13-P13) -> 0 | R13: Katae BKK
A14: 10 | B14: 44668 | C14: STHBKK012204001584 | D14: 65297 | E14: นาย สมภพ จินตกานนท์ | I14: 350 | P14: 350 | Q14: =SUM(F14+G14+H14+I14+J14+K14+L14+M14+N14+O14-P14) -> 0 | R14: Katae BKK
A15: 11 | B15: 44668 | C15: STHBKK012204001585 | D15: 46778 | E15: นาย ปรีชา แก้วโกถม | J15: 1250 | P15: 1250 | Q15: =SUM(F15+G15+H15+I15+J15+K15+L15+M15+N15+O15-P15) -> 0 | R15: Katae BKK
A16: 12 | B16: 44668 | C16: STHBKK012204001586 | D16: 49777 | E16: นาง ภัทฐิชา พุ่มพุก | J16: 3700 | P16: 3700 | Q16: =SUM(F16+G16+H16+I16+J16+K16+L16+M16+N16+O16-P16) -> 0 | R16: Katae BKK
A17: 13 | B17: 44668 | C17: STHBKK012204001588 | D17: 52993 | E17: นาง ชัยศิริ ปราชญานุกุล | I17: 15000 | P17: 15000 | Q17: =SUM(F17+G17+H17+I17+J17+K17+L17+M17+N17+O17-P17) -> 0 | R17: Katae BKK
A18: 14 | B18: 44668 | C18: STHBKK012204001589 | D18: 52602 | E18: นางสาว พัณภัช เกตุเกลี้ยง | I18: 2500 | P18: 2500 | Q18: =SUM(F18+G18+H18+I18+J18+K18+L18+M18+N18+O18-P18) -> 0 | R18: Katae BKK
A19: 15 | B19: 44668 | C19: STHBKK012204001590 | D19: 35518 | E19: นาย พงศฺณุวัฒน์ ผะดาสีณิกุล | I19: 5775 | P19: 5775 | Q19: =SUM(F19+G19+H19+I19+J19+K19+L19+M19+N19+O19-P19) -> 0 | R19: Katae BKK
A20: 16 | B20: 44668 | C20: STHBKK012204001591 | D20: 51782 | E20: นาย สุวิทย์ รองชูเพ็ง | J20: 350 | P20: 350 | Q20: =SUM(F20+G20+H20+I20+J20+K20+L20+M20+N20+O20-P20) -> 0 | R20: PoonBKK
A21: 17 | B21: 44668 | C21: STHBKK012204001594 | D21: 52206 | E21: นาย ภูวกร บวรฉัตรชาตรี | I21: 17000 | P21: 17000 | Q21: =SUM(F21+G21+H21+I21+J21+K21+L21+M21+N21+O21-P21) -> 0 | R21: PoonBKK
A22: 18 | B22: 44668 | C22: STHBKK012204001595 | D22: 50616 | E22: นางสาว แก้วเพียงขวัญ จันทรพงศ์ | J22: 700 | P22: 700 | Q22: =SUM(F22+G22+H22+I22+J22+K22+L22+M22+N22+O22-P22) -> 0 | R22: PoonBKK
A23: 19 | B23: 44668 | C23: STHBKK012204001596 | D23: 50593 | E23: บริษัท วี.เอ็น.ซี.สกินแคร์ จำกัด ( สำนักงานใหญ่ ) | I23: 400 | P23: 400 | Q23: =SUM(F23+G23+H23+I23+J23+K23+L23+M23+N23+O23-P23) -> 0 | R23: Katae BKK
A24: 20 | B24: 44668 | C24: STHBKK012204001598 | D24: 65111 | E24: นางสาว พิชญ์ชิชา สุดทิพย์รัสกร | I24: 300 | P24: 300 | Q24: =SUM(F24+G24+H24+I24+J24+K24+L24+M24+N24+O24-P24) -> 0 | R24: PoonBKK
A25: 21 | B25: 44668 | C25: STHBKK012204001599 | D25: 57499 | E25: นาย ทนงศักดิ์ รัตนบุรี | J25: 5000 | P25: 5000 | Q25: =SUM(F25+G25+H25+I25+J25+K25+L25+M25+N25+O25-P25) -> 0 | R25: Katae BKK
A26: 22 | B26: 44668 | C26: STHBKK012204001600 | D26: 39820 | E26: นาย เดโชชัย นิ่มนวล | I26: 6400 | P26: 6400 | Q26: =SUM(F26+G26+H26+I26+J26+K26+L26+M26+N26+O26-P26) -> 0 | R26: PoonBKK
A27: 23 | B27: 44668 | C27: STHBKK012204001601 | D27: 42071 | E27: โสภิต เกลี้ยงประไพ | H27: 100 | P27: 100 | Q27: =SUM(F27+G27+H27+I27+J27+K27+L27+M27+N27+O27-P27) -> 0 | R27: BKK-Neng
A28: 24 | B28: 44668 | C28: STHBKK012204001603 | D28: 49071 | E28: นาย สุภาพ สิงห์เรือง | I28: 7650 | P28: 7650 | Q28: =SUM(F28+G28+H28+I28+J28+K28+L28+M28+N28+O28-P28) -> 0 | R28: PoonBKK
A29: 25 | B29: 44668 | C29: STHBKK012204001605 | D29: 51697 | E29: นาง ภัทรพิดา อุ่นโสดา | J29: 34 | K29: 6316 | P29: 6350 | Q29: =SUM(F29+G29+H29+I29+J29+K29+L29+M29+N29+O29-P29) -> 0 | R29: bkk-aoeng
A30: 26 | B30: 44668 | C30: STHBKK012204001606 | D30: 69385 | E30: นาง พันธ์พิศ พรหมชุลี | I30: 27000 | P30: 27000 | Q30: =SUM(F30+G30+H30+I30+J30+K30+L30+M30+N30+O30-P30) -> 0 | R30: PoonBKK
A31: 27 | B31: 44668 | C31: STHBKK012204001607 | D31: 53283 | E31: นางสาว กนกวรรณ โต๊ะดี | I31: 4250 | P31: 4250 | Q31: =SUM(F31+G31+H31+I31+J31+K31+L31+M31+N31+O31-P31) -> 0 | R31: bkk-aoeng
